code,var,unit,value,year,basin,deployment,BT,WD,N.WD
T002,DIC,C1,45.34917734,2020,BP,1,A,120,0.261437908
T002,DIC,C2,65.08097505,2020,BP,1,A,120,0.261437908
T002,DIC,C3,29.6467333,2020,BP,1,A,120,0.261437908
T002,DIC,CA,20.40451962,2020,BP,1,A,120,0.261437908
T002,NH4,C1,4.061546699,2020,BP,1,A,120,0.261437908
T002,NH4,C2,2.426826527,2020,BP,1,A,120,0.261437908
T002,NH4,C3,2.507475748,2020,BP,1,A,120,0.261437908
T002,NH4,C4,2.475028194,2020,BP,1,A,120,0.261437908
T002,NH4,CA,2.168518847,2020,BP,1,A,120,0.261437908
T002,NH4,CB,5.546872328,2020,BP,1,A,120,0.261437908
T002,DIP,C1,0.838746858,2020,BP,1,A,120,0.261437908
T002,DIP,C2,0.445127687,2020,BP,1,A,120,0.261437908
T002,DIP,C3,0.33306595,2020,BP,1,A,120,0.261437908
T002,DIP,C4,0.408905577,2020,BP,1,A,120,0.261437908
T002,DIP,CA,0.33146377,2020,BP,1,A,120,0.261437908
T002,DIP,CB,1.384512365,2020,BP,1,A,120,0.261437908
T002,NOx,C1,-0.104395921,2020,BP,1,A,120,0.261437908
T002,NOx,C2,-0.054674196,2020,BP,1,A,120,0.261437908
T002,NOx,C3,-0.158554974,2020,BP,1,A,120,0.261437908
T002,NOx,CA,-0.007416929,2020,BP,1,A,120,0.261437908
T002,DIN,C1,3.957150778,2020,BP,1,A,120,0.261437908
T002,DIN,C2,2.372152331,2020,BP,1,A,120,0.261437908
T002,DIN,C3,1.66549393,2020,BP,1,A,120,0.261437908
T002,DIN,C4,2.477541547,2020,BP,1,A,120,0.261437908
T002,DIN,CA,2.162988793,2020,BP,1,A,120,0.261437908
T002,DIN,CB,5.264009053,2020,BP,1,A,120,0.261437908
T003,DIC,C1,55.07452543,2020,BP,1,A,62,0.135076253
T003,DIC,C2,31.62488528,2020,BP,1,A,62,0.135076253
T003,DIC,C3,73.43974038,2020,BP,1,A,62,0.135076253
T003,DIC,C4,38.68234899,2020,BP,1,A,62,0.135076253
T003,NH4,C1,4.920710139,2020,BP,1,A,62,0.135076253
T003,NH4,C2,2.590711776,2020,BP,1,A,62,0.135076253
T003,NH4,C3,4.038867252,2020,BP,1,A,62,0.135076253
T003,NH4,C4,3.108427158,2020,BP,1,A,62,0.135076253
T003,NH4,CA,5.610557332,2020,BP,1,A,62,0.135076253
T003,NH4,CB,5.200293253,2020,BP,1,A,62,0.135076253
T003,DIP,C1,1.03790622,2020,BP,1,A,62,0.135076253
T003,DIP,C2,0.330413301,2020,BP,1,A,62,0.135076253
T003,DIP,C3,0.707258507,2020,BP,1,A,62,0.135076253
T003,DIP,C4,0.443226979,2020,BP,1,A,62,0.135076253
T003,DIP,CA,0.677432674,2020,BP,1,A,62,0.135076253
T003,DIP,CB,0.677667126,2020,BP,1,A,62,0.135076253
T003,NOx,C3,-0.134723682,2020,BP,1,A,62,0.135076253
T003,NOx,C4,-0.025444802,2020,BP,1,A,62,0.135076253
T003,DIN,C1,4.918589914,2020,BP,1,A,62,0.135076253
T003,DIN,C2,2.503841443,2020,BP,1,A,62,0.135076253
T003,DIN,C3,3.904143569,2020,BP,1,A,62,0.135076253
T003,DIN,C4,3.08478262,2020,BP,1,A,62,0.135076253
T003,DIN,CA,5.004966448,2020,BP,1,A,62,0.135076253
T003,DIN,CB,5.205010564,2020,BP,1,A,62,0.135076253
T011,DIC,C1,8.91460977,2020,BP,1,ET,120,0.261437908
T011,DIC,CA,6.786648039,2020,BP,1,ET,120,0.261437908
T011,DIC,CB,2.769305815,2020,BP,1,ET,120,0.261437908
T011,NH4,C1,0.221492018,2020,BP,1,ET,120,0.261437908
T011,NH4,C3,0.097993924,2020,BP,1,ET,120,0.261437908
T011,NH4,CA,0.070836709,2020,BP,1,ET,120,0.261437908
T011,NH4,CB,0.02777415,2020,BP,1,ET,120,0.261437908
T011,DIP,C3,0.074023429,2020,BP,1,ET,120,0.261437908
T011,DIP,C4,0.043054673,2020,BP,1,ET,120,0.261437908
T011,NOx,C4,0.226347907,2020,BP,1,ET,120,0.261437908
T011,DIN,C4,0.237871835,2020,BP,1,ET,120,0.261437908
W009,DIC,C1,43.06061659,2020,BP,1,A,110,0.239651416
W009,DIC,C2,39.62188414,2020,BP,1,A,110,0.239651416
W009,DIC,C3,134.4730287,2020,BP,1,A,110,0.239651416
W009,DIC,C4,107.04185,2020,BP,1,A,110,0.239651416
W009,NH4,C1,4.480553991,2020,BP,1,A,110,0.239651416
W009,NH4,C2,3.496158483,2020,BP,1,A,110,0.239651416
W009,NH4,C4,6.91241798,2020,BP,1,A,110,0.239651416
W009,NH4,CA,3.094058643,2020,BP,1,A,110,0.239651416
W009,NH4,CB,5.047592797,2020,BP,1,A,110,0.239651416
W009,DIP,C1,0.849741961,2020,BP,1,A,110,0.239651416
W009,DIP,C2,0.505971451,2020,BP,1,A,110,0.239651416
W009,DIP,C3,2.036434427,2020,BP,1,A,110,0.239651416
W009,DIP,C4,1.286378128,2020,BP,1,A,110,0.239651416
W009,DIP,CA,0.501593131,2020,BP,1,A,110,0.239651416
W009,DIP,CB,0.854236643,2020,BP,1,A,110,0.239651416
W009,NOx,C1,0.029834565,2020,BP,1,A,110,0.239651416
W009,NOx,C2,0.015811429,2020,BP,1,A,110,0.239651416
W009,NOx,C3,0.068287251,2020,BP,1,A,110,0.239651416
W009,NOx,C4,0.021175052,2020,BP,1,A,110,0.239651416
W009,NOx,CA,0.013266981,2020,BP,1,A,110,0.239651416
W009,DIN,C1,4.503683762,2020,BP,1,A,110,0.239651416
W009,DIN,C2,3.52566742,2020,BP,1,A,110,0.239651416
W009,DIN,C4,6.934719763,2020,BP,1,A,110,0.239651416
W009,DIN,CA,3.107325624,2020,BP,1,A,110,0.239651416
W009,DIN,CB,5.073440511,2020,BP,1,A,110,0.239651416
W010,DIC,C1,195.3049463,2020,BP,1,A,94,0.204793028
W010,DIC,C2,150.9230013,2020,BP,1,A,94,0.204793028
W010,DIC,C4,104.3288449,2020,BP,1,A,94,0.204793028
W010,NH4,CA,3.391861987,2020,BP,1,A,94,0.204793028
W010,DIP,C1,3.428764177,2020,BP,1,A,94,0.204793028
W010,DIP,C2,2.33380953,2020,BP,1,A,94,0.204793028
W010,DIP,C4,1.363854974,2020,BP,1,A,94,0.204793028
W010,DIP,CA,0.506516667,2020,BP,1,A,94,0.204793028
W010,NOx,C1,0.016359574,2020,BP,1,A,94,0.204793028
W010,NOx,C2,0.014930825,2020,BP,1,A,94,0.204793028
W010,NOx,C4,0.020354389,2020,BP,1,A,94,0.204793028
W010,DIN,CA,3.397164578,2020,BP,1,A,94,0.204793028
W013,DIC,C1,7.027192576,2020,BP,1,A,72,0.156862745
W013,DIC,C2,6.764796562,2020,BP,1,A,72,0.156862745
W013,DIC,C3,13.84484386,2020,BP,1,A,72,0.156862745
W013,DIC,C4,15.59276304,2020,BP,1,A,72,0.156862745
W013,NH4,C1,1.334945723,2020,BP,1,A,72,0.156862745
W013,NH4,C2,2.088662552,2020,BP,1,A,72,0.156862745
W013,NH4,C3,2.399682887,2020,BP,1,A,72,0.156862745
W013,NH4,C4,1.015706482,2020,BP,1,A,72,0.156862745
W013,NH4,CA,0.439028299,2020,BP,1,A,72,0.156862745
W013,NH4,CB,0.909077319,2020,BP,1,A,72,0.156862745
W013,DIP,C1,-0.073447312,2020,BP,1,A,72,0.156862745
W013,DIP,C2,-0.059567919,2020,BP,1,A,72,0.156862745
W013,DIP,C3,0.200566927,2020,BP,1,A,72,0.156862745
W013,DIP,C4,0.18877408,2020,BP,1,A,72,0.156862745
W013,DIP,CB,0.076325273,2020,BP,1,A,72,0.156862745
W013,NOx,C4,-0.211419471,2020,BP,1,A,72,0.156862745
W013,NOx,CA,-0.528989808,2020,BP,1,A,72,0.156862745
W013,NOx,CB,-0.802846765,2020,BP,1,A,72,0.156862745
W013,DIN,C4,0.923493973,2020,BP,1,A,72,0.156862745
W015,DIC,C1,6.957291724,2020,BP,1,ET,65,0.1416122
W015,DIC,C2,4.729063973,2020,BP,1,ET,65,0.1416122
W015,DIC,CA,2.918300248,2020,BP,1,ET,65,0.1416122
W015,DIC,CB,6.313630862,2020,BP,1,ET,65,0.1416122
W015,NH4,C1,0.054625594,2020,BP,1,ET,65,0.1416122
W015,NH4,C2,0.011706939,2020,BP,1,ET,65,0.1416122
W015,NH4,C4,0.00502292,2020,BP,1,ET,65,0.1416122
W015,NH4,CA,0.032550252,2020,BP,1,ET,65,0.1416122
W015,NH4,CB,0.037103197,2020,BP,1,ET,65,0.1416122
E,DIC,C2,56.3958948,2018,BP,1,A,170,0.682730924
E,DIC,C4,39.6180742,2018,BP,1,A,170,0.682730924
F,DIC,C1,58.3097671,2018,BP,1,A,210,0.843373494
F,DIC,C2,19.30008769,2018,BP,1,A,210,0.843373494
F,DIC,C3,24.74535538,2018,BP,1,A,210,0.843373494
F,DIC,C1,126.9543682,2018,BP,2,A,210,0.843373494
F,DIC,C2,68.31713805,2018,BP,2,A,210,0.843373494
F,DIC,C4,60.33336893,2018,BP,2,A,210,0.843373494
E,DIN,C1,0.845944415,2018,BP,1,A,170,0.682730924
E,DIN,C2,2.079119476,2018,BP,1,A,170,0.682730924
E,DIN,C3,2.670311531,2018,BP,1,A,170,0.682730924
E,DIN,C4,3.388333164,2018,BP,1,A,170,0.682730924
F,DIN,C1,2.338621375,2018,BP,1,A,210,0.843373494
F,DIN,C2,3.336555567,2018,BP,1,A,210,0.843373494
F,DIN,C3,1.734028559,2018,BP,1,A,210,0.843373494
F,DIN,C1,4.301677163,2018,BP,2,A,210,0.843373494
F,DIN,C3,2.058872915,2018,BP,2,A,210,0.843373494
F,DIN,C4,4.203570406,2018,BP,2,A,210,0.843373494
E,DIP,C1,0.20847067,2018,BP,1,A,170,0.682730924
E,DIP,C2,0.731166249,2018,BP,1,A,170,0.682730924
E,DIP,C3,0.780566614,2018,BP,1,A,170,0.682730924
E,DIP,C4,0.815208381,2018,BP,1,A,170,0.682730924
F,DIP,C1,0.636780048,2018,BP,1,A,210,0.843373494
F,DIP,C2,0.949257734,2018,BP,1,A,210,0.843373494
F,DIP,C3,0.94313238,2018,BP,1,A,210,0.843373494
F,DIP,C1,2.283035688,2018,BP,2,A,210,0.843373494
F,DIP,C2,2.928685847,2018,BP,2,A,210,0.843373494
F,DIP,C3,0.442168781,2018,BP,2,A,210,0.843373494
F,DIP,C4,1.337034411,2018,BP,2,A,210,0.843373494
E,NH4,C1,1.100652327,2018,BP,1,A,170,0.682730924
E,NH4,C2,2.711603901,2018,BP,1,A,170,0.682730924
E,NH4,C3,2.67832397,2018,BP,1,A,170,0.682730924
E,NH4,C4,3.3295094,2018,BP,1,A,170,0.682730924
F,NH4,C1,2.025510163,2018,BP,1,A,210,0.843373494
F,NH4,C2,3.358733013,2018,BP,1,A,210,0.843373494
F,NH4,C3,2.861942589,2018,BP,1,A,210,0.843373494
F,NH4,C1,7.630667866,2018,BP,2,A,210,0.843373494
F,NH4,C3,2.207691973,2018,BP,2,A,210,0.843373494
F,NH4,C4,4.171016119,2018,BP,2,A,210,0.843373494
E,NOx,C4,0.045934394,2018,BP,1,A,170,0.682730924
F,NOx,C2,0.023738324,2018,BP,1,A,210,0.843373494
A,DIC,C1,7.838399663,2017,BP,1,ET,60,0.240963855
A,DIC,C3,4.813740382,2017,BP,1,ET,60,0.240963855
A,DIC,C4,9.7819339,2017,BP,1,ET,60,0.240963855
A,DIN,C1,0.432437333,2017,BP,1,ET,60,0.240963855
A,DIN,C2,0.769202125,2017,BP,1,ET,60,0.240963855
A,DIN,C3,0.1852,2017,BP,1,ET,60,0.240963855
A,DIN,C4,0.405261244,2017,BP,1,ET,60,0.240963855
A,DIP,C1,0.092415245,2017,BP,1,ET,60,0.240963855
A,DIP,C2,0.104017302,2017,BP,1,ET,60,0.240963855
A,DIP,C3,0.015289508,2017,BP,1,ET,60,0.240963855
A,DIP,C4,0.058457422,2017,BP,1,ET,60,0.240963855
A,NH4,C1,0.241006311,2017,BP,1,ET,60,0.240963855
A,NH4,C2,0.403883608,2017,BP,1,ET,60,0.240963855
A,NH4,C3,0.073799632,2017,BP,1,ET,60,0.240963855
A,NH4,C4,0.191416889,2017,BP,1,ET,60,0.240963855
A,NOx,C1,0.204839746,2017,BP,1,ET,60,0.240963855
A,NOx,C2,0.21553218,2017,BP,1,ET,60,0.240963855
A,NOx,C3,0.081612281,2017,BP,1,ET,60,0.240963855
A,NOx,C4,0.213844356,2017,BP,1,ET,60,0.240963855
A,DIP,C3,0.061113905,2017,BP,2,ET,60,0.240963855
A,NH4,C2,0.328978184,2017,BP,2,ET,60,0.240963855
A,NH4,C3,0.60760951,2017,BP,2,ET,60,0.240963855
A,NH4,C4,0.196927157,2017,BP,2,ET,60,0.240963855
A,DIC,C2,5.38545473,2016,BP,1,ET,60,0.240963855
A,DIN,C1,0.20456,2016,BP,1,ET,60,0.240963855
A,DIN,C2,0.281715556,2016,BP,1,ET,60,0.240963855
A,DIN,C4,0.397950476,2016,BP,1,ET,60,0.240963855
A,DIP,C1,0.040856216,2016,BP,1,ET,60,0.240963855
A,DIP,C2,0.0401,2016,BP,1,ET,60,0.240963855
A,DIP,C4,0.060479238,2016,BP,1,ET,60,0.240963855
A,NH4,C1,0.05743913,2016,BP,1,ET,60,0.240963855
A,NOx,C1,0.172805405,2016,BP,1,ET,60,0.240963855
A,NOx,C2,0.251430222,2016,BP,1,ET,60,0.240963855
A,NOx,C4,0.324793905,2016,BP,1,ET,60,0.240963855
D,DIC,C1,51.936476,2016,BP,1,A,130,0.522088353
D,DIC,C2,56.63416002,2016,BP,1,A,130,0.522088353
D,DIC,C3,42.57738593,2016,BP,1,A,130,0.522088353
D,DIC,C4,36.85852588,2016,BP,1,A,130,0.522088353
D,DIN,C1,8.75778793,2016,BP,1,A,130,0.522088353
D,DIN,C2,3.94810084,2016,BP,1,A,130,0.522088353
D,DIN,C3,4.389436272,2016,BP,1,A,130,0.522088353
D,DIN,C4,4.319395325,2016,BP,1,A,130,0.522088353
D,DIP,C1,1.579826989,2016,BP,1,A,130,0.522088353
D,DIP,C2,0.64198084,2016,BP,1,A,130,0.522088353
D,DIP,C3,0.805585595,2016,BP,1,A,130,0.522088353
D,DIP,C4,0.791544385,2016,BP,1,A,130,0.522088353
D,NH4,C1,8.360474273,2016,BP,1,A,130,0.522088353
D,NH4,C2,4.37717395,2016,BP,1,A,130,0.522088353
D,NH4,C3,4.418811722,2016,BP,1,A,130,0.522088353
D,NH4,C4,4.427519743,2016,BP,1,A,130,0.522088353
D,DIC,C1,21.63862328,2016,BP,2,A,130,0.522088353
D,DIC,C2,23.52569517,2016,BP,2,A,130,0.522088353
D,DIC,C3,23.06741004,2016,BP,2,A,130,0.522088353
D,DIC,C4,26.17589061,2016,BP,2,A,130,0.522088353
D,DIN,C2,2.15337894,2016,BP,2,A,130,0.522088353
D,DIP,C1,0.698584428,2016,BP,2,A,130,0.522088353
D,DIP,C2,0.53744833,2016,BP,2,A,130,0.522088353
D,DIP,C3,0.689041983,2016,BP,2,A,130,0.522088353
D,DIP,C4,0.603091901,2016,BP,2,A,130,0.522088353
D,NH4,C1,4.618568251,2016,BP,2,A,130,0.522088353
D,NH4,C2,2.104433146,2016,BP,2,A,130,0.522088353
D,NH4,C3,4.235492739,2016,BP,2,A,130,0.522088353
D,NH4,C4,4.013418787,2016,BP,2,A,130,0.522088353
GOB1,DIC,C1,4.84569523,2014,GOB,1,A,86,0.589041096
GOB1,DIC,C2,4.993851069,2014,GOB,1,A,86,0.589041096
GOB1,DIC,C3,5.848887989,2014,GOB,1,A,86,0.589041096
GOB1,DIN,C1,0.098992337,2014,GOB,1,A,86,0.589041096
GOB1,DIP,C1,0.05760146,2014,GOB,1,A,86,0.589041096
GOB1,DIP,C3,0.004247011,2014,GOB,1,A,86,0.589041096
GOB1,NH4,C1,0.014212301,2014,GOB,1,A,86,0.589041096
GOB1,NH4,C3,0.053360669,2014,GOB,1,A,86,0.589041096
GOB1,NOx,C1,0.076248433,2014,GOB,1,A,86,0.589041096
GOB2,DIC,C1,7.209553155,2014,GOB,1,A,110,0.753424658
GOB2,DIC,C2,4.052408069,2014,GOB,1,A,110,0.753424658
GOB2,DIC,C3,9.471920241,2014,GOB,1,A,110,0.753424658
GOB2,DIC,C4,6.670431253,2014,GOB,1,A,110,0.753424658
GOB2,DIN,C1,0.202851563,2014,GOB,1,A,110,0.753424658
GOB2,DIP,C1,0.032890756,2014,GOB,1,A,110,0.753424658
GOB2,DIP,C2,0.072475127,2014,GOB,1,A,110,0.753424658
GOB2,DIP,C3,0.067771265,2014,GOB,1,A,110,0.753424658
GOB2,DIP,C4,0.088276799,2014,GOB,1,A,110,0.753424658
GOB2,NH4,C3,0.053198696,2014,GOB,1,A,110,0.753424658
GOB2,NH4,C4,0.06382106,2014,GOB,1,A,110,0.753424658
GOB2,NOx,C1,0.167384266,2014,GOB,1,A,110,0.753424658
GOB1,DIC,C2,9.272402195,2013,GOB,1,A,86,0.589041096
GOB1,DIC,C3,10.61677687,2013,GOB,1,A,86,0.589041096
GOB1,DIC,C4,11.9558083,2013,GOB,1,A,86,0.589041096
GOB1,DIN,C4,0.826357105,2013,GOB,1,A,86,0.589041096
GOB1,DIP,C2,0.015578345,2013,GOB,1,A,86,0.589041096
GOB1,DIP,C3,0.049858368,2013,GOB,1,A,86,0.589041096
GOB1,DIP,C4,-0.011093194,2013,GOB,1,A,86,0.589041096
GOB1,NH4,C2,0.279649609,2013,GOB,1,A,86,0.589041096
GOB1,NH4,C3,0.337032067,2013,GOB,1,A,86,0.589041096
GOB1,NH4,C4,0.757453183,2013,GOB,1,A,86,0.589041096
GOB1,NOx,C4,0.06064068,2013,GOB,1,A,86,0.589041096
GOB1,DIC,CB,8.097569032,2013,GOB,1,A,86,0.589041096
GOB1,DIN,CA,0.152333872,2013,GOB,1,A,86,0.589041096
GOB1,DIN,CB,0.564830512,2013,GOB,1,A,86,0.589041096
GOB1,NH4,CB,0.164877939,2013,GOB,1,A,86,0.589041096
GOB1,NOx,CA,0.149239165,2013,GOB,1,A,86,0.589041096
GOB1,NOx,CB,0.093110063,2013,GOB,1,A,86,0.589041096
GOB2,DIC,C2,14.67864331,2013,GOB,1,A,110,0.753424658
GOB2,DIC,C3,11.64382147,2013,GOB,1,A,110,0.753424658
GOB2,DIC,C4,7.730327352,2013,GOB,1,A,110,0.753424658
GOB2,DIN,C4,0.320434527,2013,GOB,1,A,110,0.753424658
GOB2,DIP,C2,0.284680607,2013,GOB,1,A,110,0.753424658
GOB2,DIP,C3,0.033940525,2013,GOB,1,A,110,0.753424658
GOB2,DIP,C4,0.028467358,2013,GOB,1,A,110,0.753424658
GOB2,NH4,C2,0.439416978,2013,GOB,1,A,110,0.753424658
GOB2,NH4,C3,0.061055108,2013,GOB,1,A,110,0.753424658
GOB2,NH4,C4,0.189934447,2013,GOB,1,A,110,0.753424658
GOB2,NOx,C4,0.13050008,2013,GOB,1,A,110,0.753424658
GOB2,DIC,CA,7.677884952,2013,GOB,1,A,110,0.753424658
GOB2,DIC,CB,7.845856576,2013,GOB,1,A,110,0.753424658
GOB2,DIN,CA,0.093537637,2013,GOB,1,A,110,0.753424658
GOB2,DIN,CB,0.195157518,2013,GOB,1,A,110,0.753424658
GOB2,DIP,CA,0.008106371,2013,GOB,1,A,110,0.753424658
GOB2,DIP,CB,0.011518029,2013,GOB,1,A,110,0.753424658
GOB2,NOx,CA,0.086855448,2013,GOB,1,A,110,0.753424658
GOB2,NOx,CB,0.183509581,2013,GOB,1,A,110,0.753424658
GOB3,DIC,C1,4.046932437,2013,GOB,1,ET,91,0.310580205
GOB3,DIC,C3,6.158577488,2013,GOB,1,ET,91,0.310580205
GOB3,DIN,C1,-0.382097018,2013,GOB,1,ET,91,0.310580205
GOB3,DIP,C1,0.013999161,2013,GOB,1,ET,91,0.310580205
GOB3,DIP,C2,0.022303257,2013,GOB,1,ET,91,0.310580205
GOB3,DIP,C3,0.025339232,2013,GOB,1,ET,91,0.310580205
GOB3,DIP,C4,0.01539816,2013,GOB,1,ET,91,0.310580205
GOB3,NH4,C2,-0.016016687,2013,GOB,1,ET,91,0.310580205
GOB3,NH4,C3,-0.005102492,2013,GOB,1,ET,91,0.310580205
GOB3,NOx,C1,-0.397867423,2013,GOB,1,ET,91,0.310580205
GOB3,DIC,CA,3.856092802,2013,GOB,1,ET,91,0.310580205
GOB3,DIC,CB,4.502640665,2013,GOB,1,ET,91,0.310580205
GOB3,DIN,CA,0.065873944,2013,GOB,1,ET,91,0.310580205
GOB3,DIP,CA,0.018535288,2013,GOB,1,ET,91,0.310580205
GOB3,DIP,CB,0.008810382,2013,GOB,1,ET,91,0.310580205
GOB3,NH4,CB,-0.008230356,2013,GOB,1,ET,91,0.310580205
GOB3,NOx,CA,0.066847673,2013,GOB,1,ET,91,0.310580205
A,DIC,C2,13.23962014,2008,BP,1,ET,60,0.240963855
A,DIC,C3,26.3429419,2008,BP,1,ET,60,0.240963855
A,DIN,C3,0.217338833,2008,BP,1,ET,60,0.240963855
A,DIN,C4,0.098897977,2008,BP,1,ET,60,0.240963855
A,DIP,C2,0.028796343,2008,BP,1,ET,60,0.240963855
A,DIP,C3,0.014764646,2008,BP,1,ET,60,0.240963855
A,NH4,C1,0.008091736,2008,BP,1,ET,60,0.240963855
A,NOx,C3,0.214124377,2008,BP,1,ET,60,0.240963855
A,NOx,C4,0.09973691,2008,BP,1,ET,60,0.240963855
B,DIP,C2,0.070762251,2008,BP,1,ET,75,0.301204819
B,NH4,C2,0.019800851,2008,BP,1,ET,75,0.301204819
C,DIC,C4,4.592248164,2008,BP,1,ET,90,0.361445783
C,DIP,C4,-0.050681389,2008,BP,1,ET,90,0.361445783
C,NH4,C4,0.383428065,2008,BP,1,ET,90,0.361445783
C,NOx,C4,-0.270030104,2008,BP,1,ET,90,0.361445783
D,DIC,C1,16.20979878,2008,BP,1,A,130,0.522088353
D,DIC,C2,12.68595059,2008,BP,1,A,130,0.522088353
D,DIC,C4,38.550965,2008,BP,1,A,130,0.522088353
D,DIN,C1,3.399760278,2008,BP,1,A,130,0.522088353
D,DIN,C2,1.317458638,2008,BP,1,A,130,0.522088353
D,DIN,C4,5.968409201,2008,BP,1,A,130,0.522088353
D,DIP,C1,0.420120662,2008,BP,1,A,130,0.522088353
D,DIP,C2,0.211978645,2008,BP,1,A,130,0.522088353
D,DIP,C3,0.389301116,2008,BP,1,A,130,0.522088353
D,NH4,C1,3.386641149,2008,BP,1,A,130,0.522088353
D,NH4,C2,1.34120019,2008,BP,1,A,130,0.522088353
D,NH4,C4,3.133633098,2008,BP,1,A,130,0.522088353
E,DIC,C1,24.0088724,2008,BP,1,A,170,0.682730924
E,DIC,C2,18.02988976,2008,BP,1,A,170,0.682730924
E,DIC,C3,12.84610331,2008,BP,1,A,170,0.682730924
E,DIC,C4,31.19571012,2008,BP,1,A,170,0.682730924
E,DIN,C1,1.488546471,2008,BP,1,A,170,0.682730924
E,DIN,C2,1.221637101,2008,BP,1,A,170,0.682730924
E,DIN,C3,1.489426911,2008,BP,1,A,170,0.682730924
E,DIP,C1,0.329304929,2008,BP,1,A,170,0.682730924
E,DIP,C2,0.332081262,2008,BP,1,A,170,0.682730924
E,DIP,C3,0.253879626,2008,BP,1,A,170,0.682730924
E,DIP,C4,0.3748911,2008,BP,1,A,170,0.682730924
E,NH4,C1,1.402769563,2008,BP,1,A,170,0.682730924
E,NH4,C2,1.228865017,2008,BP,1,A,170,0.682730924
E,NH4,C3,1.494233591,2008,BP,1,A,170,0.682730924
E,NH4,C4,2.719317979,2008,BP,1,A,170,0.682730924
F,DIC,C1,35.70797778,2008,BP,1,A,210,0.843373494
F,DIC,C2,47.69059625,2008,BP,1,A,210,0.843373494
F,DIC,C3,34.65403727,2008,BP,1,A,210,0.843373494
F,DIC,C4,31.99625412,2008,BP,1,A,210,0.843373494
F,DIN,C1,2.480309593,2008,BP,1,A,210,0.843373494
F,DIN,C2,2.449729604,2008,BP,1,A,210,0.843373494
F,DIN,C3,2.784112817,2008,BP,1,A,210,0.843373494
F,DIN,C4,4.348412097,2008,BP,1,A,210,0.843373494
F,DIP,C1,0.523144821,2008,BP,1,A,210,0.843373494
F,DIP,C2,0.600482164,2008,BP,1,A,210,0.843373494
F,DIP,C3,0.3734016,2008,BP,1,A,210,0.843373494
F,DIP,C4,0.264172348,2008,BP,1,A,210,0.843373494
F,NH4,C1,2.478781256,2008,BP,1,A,210,0.843373494
F,NH4,C2,2.440390573,2008,BP,1,A,210,0.843373494
F,NH4,C3,2.786839877,2008,BP,1,A,210,0.843373494
F,NH4,C4,4.37185154,2008,BP,1,A,210,0.843373494
U,DIC,C1,8.360038603,2009,BP,1,ET,50,0.200803213
U,DIC,C3,11.84701024,2009,BP,1,ET,50,0.200803213
U,DIN,C1,0.498964886,2009,BP,1,ET,50,0.200803213
U,DIN,C3,0.875436793,2009,BP,1,ET,50,0.200803213
U,DIP,C1,0.012964554,2009,BP,1,ET,50,0.200803213
U,DIP,C3,0.040522116,2009,BP,1,ET,50,0.200803213
U,NH4,C1,0.383195216,2009,BP,1,ET,50,0.200803213
U,NH4,C3,0.909608258,2009,BP,1,ET,50,0.200803213
V,DIC,C1,59.96504467,2009,BP,1,ET,65,0.261044177
V,DIC,C2,12.20000366,2009,BP,1,ET,65,0.261044177
V,DIC,C3,17.56105075,2009,BP,1,ET,65,0.261044177
V,DIC,C4,15.24002623,2009,BP,1,ET,65,0.261044177
V,DIN,C4,-0.105002867,2009,BP,1,ET,65,0.261044177
V,DIP,C1,-0.092164548,2009,BP,1,ET,65,0.261044177
V,DIP,C2,-0.06436942,2009,BP,1,ET,65,0.261044177
V,DIP,C3,-0.059577798,2009,BP,1,ET,65,0.261044177
V,DIP,C4,-0.659144841,2009,BP,1,ET,65,0.261044177
V,NH4,C1,0.233728056,2009,BP,1,ET,65,0.261044177
V,NH4,C3,0.286213632,2009,BP,1,ET,65,0.261044177
Y,DIC,C1,18.16455466,2009,BP,1,A,120,0.481927711
Y,DIC,C3,10.54609302,2009,BP,1,A,120,0.481927711
Y,DIC,C4,11.15730481,2009,BP,1,A,120,0.481927711
Y,DIN,C1,1.928476342,2009,BP,1,A,120,0.481927711
Y,DIN,C2,0.596129394,2009,BP,1,A,120,0.481927711
Y,DIN,C3,0.426296052,2009,BP,1,A,120,0.481927711
Y,DIN,C4,0.707679262,2009,BP,1,A,120,0.481927711
Y,DIP,C1,0.331113373,2009,BP,1,A,120,0.481927711
Y,NH4,C1,1.928476342,2009,BP,1,A,120,0.481927711
Y,NH4,C2,0.596129394,2009,BP,1,A,120,0.481927711
Y,NH4,C3,0.386515126,2009,BP,1,A,120,0.481927711
Y,NH4,C4,0.707679262,2009,BP,1,A,120,0.481927711
A,DIC,C4,20.4759241,2010,BP,1,ET,60,0.240963855
A,DIP,C4,-0.071696368,2010,BP,1,ET,60,0.240963855
A,DIC,CA,9.160148502,2010,BP,2,ET,60,0.240963855
A,DIP,CA,-0.129851085,2010,BP,2,ET,60,0.240963855
A,NH4,CA,0.005422056,2010,BP,2,ET,60,0.240963855
A,DIC,C8,11.68552649,2010,BP,3,ET,60,0.240963855
A,DIN,C8,0.378723756,2010,BP,3,ET,60,0.240963855
A,DIP,C8,0.037378058,2010,BP,3,ET,60,0.240963855
A,NH4,C8,0.003761141,2010,BP,3,ET,60,0.240963855
A,NOx,C8,0.376340536,2010,BP,3,ET,60,0.240963855
B,DIC,CA,3.442367337,2010,BP,1,ET,75,0.301204819
B,DIC,CB,6.670155204,2010,BP,1,ET,75,0.301204819
B,DIN,CA,0.003676652,2010,BP,1,ET,75,0.301204819
B,DIP,CA,0.088768511,2010,BP,1,ET,75,0.301204819
B,DIP,CB,0.08429721,2010,BP,1,ET,75,0.301204819
B,NH4,CA,0.005959212,2010,BP,1,ET,75,0.301204819
B,NOx,CA,-0.001922712,2010,BP,1,ET,75,0.301204819
D,DIC,C1,33.16478122,2010,BP,1,A,130,0.522088353
D,DIC,C2,15.84729101,2010,BP,1,A,130,0.522088353
D,DIC,C3,67.77962307,2010,BP,1,A,130,0.522088353
D,DIC,C4,22.23171432,2010,BP,1,A,130,0.522088353
D,DIN,C1,0.954328725,2010,BP,1,A,130,0.522088353
D,DIN,C3,1.047271574,2010,BP,1,A,130,0.522088353
D,DIN,C4,1.248810263,2010,BP,1,A,130,0.522088353
D,DIP,C1,0.440962097,2010,BP,1,A,130,0.522088353
D,DIP,C2,0.14987292,2010,BP,1,A,130,0.522088353
D,DIP,C3,0.522516389,2010,BP,1,A,130,0.522088353
D,DIP,C4,0.285147735,2010,BP,1,A,130,0.522088353
D,NH4,C1,1.160566998,2010,BP,1,A,130,0.522088353
D,NH4,C3,1.049167971,2010,BP,1,A,130,0.522088353
D,NH4,C4,1.5854771,2010,BP,1,A,130,0.522088353
D,NOx,C1,-0.40499209,2010,BP,1,A,130,0.522088353
D,NOx,C2,-0.094471595,2010,BP,1,A,130,0.522088353
D,NOx,C4,-0.009643399,2010,BP,1,A,130,0.522088353
E,DIC,C1,21.68701265,2010,BP,1,A,170,0.682730924
E,DIC,C2,19.06070513,2010,BP,1,A,170,0.682730924
E,DIC,C3,54.05804064,2010,BP,1,A,170,0.682730924
E,DIC,C4,25.73613714,2010,BP,1,A,170,0.682730924
E,DIP,C1,0.638602246,2010,BP,1,A,170,0.682730924
E,DIP,C2,0.225389259,2010,BP,1,A,170,0.682730924
E,DIP,C3,0.409013705,2010,BP,1,A,170,0.682730924
E,DIP,C4,0.763657666,2010,BP,1,A,170,0.682730924
E,NH4,C1,1.28960473,2010,BP,1,A,170,0.682730924
E,NH4,C4,0.926711171,2010,BP,1,A,170,0.682730924
F,DIC,C4,36.03839823,2010,BP,1,A,210,0.843373494
F,DIP,C3,1.370475226,2010,BP,1,A,210,0.843373494
F,DIP,C4,0.997329968,2010,BP,1,A,210,0.843373494
F,NH4,C3,3.907220011,2010,BP,1,A,210,0.843373494
F,NH4,C4,2.471600533,2010,BP,1,A,210,0.843373494
H,DIC,C1,5.451499363,2010,BP,1,ET,44,0.176706827
H,DIC,C2,9.487399164,2010,BP,1,ET,44,0.176706827
H,DIC,C3,7.058307128,2010,BP,1,ET,44,0.176706827
H,DIC,C4,8.344808206,2010,BP,1,ET,44,0.176706827
H,DIC,CB,8.078136193,2010,BP,1,ET,44,0.176706827
H,DIP,C4,-0.101490691,2010,BP,1,ET,44,0.176706827
H,DIP,CB,-0.032667952,2010,BP,1,ET,44,0.176706827
H,NH4,C4,0.011047551,2010,BP,1,ET,44,0.176706827
H,NOx,C4,-1.246917291,2010,BP,1,ET,44,0.176706827
H,DIC,C1,9.00581183,2010,BP,2,ET,44,0.176706827
H,DIC,C2,11.34737003,2010,BP,2,ET,44,0.176706827
H,DIC,C3,10.72389355,2010,BP,2,ET,44,0.176706827
H,DIC,C4,10.76608662,2010,BP,2,ET,44,0.176706827
H,DIC,CB,5.191133082,2010,BP,2,ET,44,0.176706827
H,DIP,C1,0.014577348,2010,BP,2,ET,44,0.176706827
H,DIP,C3,0.031081111,2010,BP,2,ET,44,0.176706827
H,DIP,C4,0.024239434,2010,BP,2,ET,44,0.176706827
H,NH4,CB,0.003558211,2010,BP,2,ET,44,0.176706827
KAS,DIN,C1,0.729200323,2003,GOF,1,A,50,0.406504065
KAS,DIN,C3,0.590524957,2003,GOF,1,A,50,0.406504065
KAS,DIP,C1,0.516718998,2003,GOF,1,A,50,0.406504065
KAS,DIP,C2,-0.0055728,2003,GOF,1,A,50,0.406504065
KAS,DIP,C5,0.363797721,2003,GOF,1,A,50,0.406504065
KAS,NH4,C1,0.585224014,2003,GOF,1,A,50,0.406504065
KAS,NH4,C2,0.340742225,2003,GOF,1,A,50,0.406504065
KAS,NH4,C3,0.950735622,2003,GOF,1,A,50,0.406504065
KAS,DIN,C2,1.285235392,2003,GOF,2,A,50,0.406504065
KAS,DIP,C5,-0.137306869,2003,GOF,2,A,50,0.406504065
KAS,NH4,C4,0.470370935,2003,GOF,2,A,50,0.406504065
KAS,NH4,C5,0.52159231,2003,GOF,2,A,50,0.406504065
KAS,NOx,C2,1.460395829,2003,GOF,2,A,50,0.406504065
PV1,DIP,C1,0.817836141,2003,GOF,1,A,75,0.609756098
PV1,DIP,C2,2.318400468,2003,GOF,1,A,75,0.609756098
PV1,DIP,C3,3.384602802,2003,GOF,1,A,75,0.609756098
PV1,NH4,C1,3.623570556,2003,GOF,1,A,75,0.609756098
PV1,NH4,C2,3.635780009,2003,GOF,1,A,75,0.609756098
PV1,NH4,C3,1.303040667,2003,GOF,1,A,75,0.609756098
PV1,NH4,C4,6.421304354,2003,GOF,1,A,75,0.609756098
PV1,DIN,C2,0.413605,2003,GOF,2,A,75,0.609756098
PV1,DIN,C4,1.144187652,2003,GOF,2,A,75,0.609756098
PV1,DIN,C5,1.140195711,2003,GOF,2,A,75,0.609756098
PV1,DIP,C2,0.978185912,2003,GOF,2,A,75,0.609756098
PV1,DIP,C3,0.862652115,2003,GOF,2,A,75,0.609756098
PV1,NH4,C2,0.797403495,2003,GOF,2,A,75,0.609756098
PV1,NH4,C3,0.893798222,2003,GOF,2,A,75,0.609756098
PV1,NH4,C4,1.535541566,2003,GOF,2,A,75,0.609756098
PV1,NH4,C5,1.229363481,2003,GOF,2,A,75,0.609756098
PV1,NOx,C1,-0.343409856,2003,GOF,2,A,75,0.609756098
PV1,NOx,C2,-0.383798494,2003,GOF,2,A,75,0.609756098
PV1,NOx,C3,-0.007988063,2003,GOF,2,A,75,0.609756098
PV1,NOx,C4,-0.391353914,2003,GOF,2,A,75,0.609756098
XV1,DIP,C5,0.115170777,2003,GOF,1,ET,37,0.300813008
KAS,DIC,C2,7.43911001,2004,GOF,1,A,50,0.406504065
KAS,DIC,C3,10.98221131,2004,GOF,1,A,50,0.406504065
KAS,DIC,C4,9.705892822,2004,GOF,1,A,50,0.406504065
KAS,DIN,C2,0.078859629,2004,GOF,1,A,50,0.406504065
KAS,DIP,C4,-0.02573696,2004,GOF,1,A,50,0.406504065
KAS,DIP,C5,0.016638255,2004,GOF,1,A,50,0.406504065
KAS,NH4,C2,-0.05192405,2004,GOF,1,A,50,0.406504065
KAS,NOx,C1,0.076824797,2004,GOF,1,A,50,0.406504065
KAS,NOx,C2,0.098796707,2004,GOF,1,A,50,0.406504065
KAS,NOx,C3,-0.421332369,2004,GOF,1,A,50,0.406504065
KAS,DIC,C1,14.16973019,2004,GOF,2,A,50,0.406504065
KAS,DIC,C2,19.81392839,2004,GOF,2,A,50,0.406504065
KAS,DIC,C3,11.89251557,2004,GOF,2,A,50,0.406504065
KAS,DIC,C4,15.57528312,2004,GOF,2,A,50,0.406504065
KAS,DIN,C1,0.496399848,2004,GOF,2,A,50,0.406504065
KAS,DIN,C2,0.671665478,2004,GOF,2,A,50,0.406504065
KAS,DIN,C3,0.52476638,2004,GOF,2,A,50,0.406504065
KAS,DIN,C4,0.51614646,2004,GOF,2,A,50,0.406504065
KAS,DIN,C5,-0.284277511,2004,GOF,2,A,50,0.406504065
KAS,DIP,C1,-0.049993902,2004,GOF,2,A,50,0.406504065
KAS,DIP,C4,0.065075807,2004,GOF,2,A,50,0.406504065
KAS,NH4,C1,0.382275122,2004,GOF,2,A,50,0.406504065
KAS,NH4,C2,0.42730972,2004,GOF,2,A,50,0.406504065
KAS,NH4,C3,0.300267607,2004,GOF,2,A,50,0.406504065
KAS,NH4,C4,0.316219669,2004,GOF,2,A,50,0.406504065
KAS,NH4,C5,0.073778624,2004,GOF,2,A,50,0.406504065
KAS,NOx,C1,0.171242589,2004,GOF,2,A,50,0.406504065
KAS,NOx,C2,0.160928699,2004,GOF,2,A,50,0.406504065
KAS,NOx,C3,0.224498772,2004,GOF,2,A,50,0.406504065
KAS,NOx,C4,0.199926791,2004,GOF,2,A,50,0.406504065
KAS,NOx,C5,-0.463378909,2004,GOF,2,A,50,0.406504065
PV1,DIC,C2,51.67629577,2004,GOF,1,A,75,0.609756098
PV1,DIC,C4,18.96147204,2004,GOF,1,A,75,0.609756098
PV1,DIN,C2,1.778814844,2004,GOF,1,A,75,0.609756098
PV1,DIN,C3,1.120012803,2004,GOF,1,A,75,0.609756098
PV1,DIN,C4,1.337594328,2004,GOF,1,A,75,0.609756098
PV1,DIP,C2,-0.157322212,2004,GOF,1,A,75,0.609756098
PV1,DIP,C5,0.171915616,2004,GOF,1,A,75,0.609756098
PV1,NH4,C2,2.174465592,2004,GOF,1,A,75,0.609756098
PV1,NH4,C3,1.796939119,2004,GOF,1,A,75,0.609756098
PV1,NH4,C4,1.878348298,2004,GOF,1,A,75,0.609756098
PV1,NH4,C5,3.457642609,2004,GOF,1,A,75,0.609756098
PV1,NOx,C2,-0.395650749,2004,GOF,1,A,75,0.609756098
PV1,NOx,C3,-0.676926317,2004,GOF,1,A,75,0.609756098
PV1,NOx,C4,-0.54075397,2004,GOF,1,A,75,0.609756098
PV1,DIC,C1,8.982572757,2004,GOF,2,A,75,0.609756098
PV1,DIC,C2,20.69426804,2004,GOF,2,A,75,0.609756098
PV1,DIN,C1,0.482776839,2004,GOF,2,A,75,0.609756098
PV1,DIN,C2,0.601294543,2004,GOF,2,A,75,0.609756098
PV1,DIN,C3,0.804055163,2004,GOF,2,A,75,0.609756098
PV1,DIN,C4,0.576092035,2004,GOF,2,A,75,0.609756098
PV1,DIP,C1,-0.134131347,2004,GOF,2,A,75,0.609756098
PV1,DIP,C4,0.113114882,2004,GOF,2,A,75,0.609756098
PV1,DIP,C5,0.126183621,2004,GOF,2,A,75,0.609756098
PV1,NH4,C1,0.616985681,2004,GOF,2,A,75,0.609756098
PV1,NH4,C2,1.335344761,2004,GOF,2,A,75,0.609756098
PV1,NH4,C3,1.0740027,2004,GOF,2,A,75,0.609756098
PV1,NH4,C4,0.943227699,2004,GOF,2,A,75,0.609756098
PV1,NH4,C5,0.268634934,2004,GOF,2,A,75,0.609756098
PV1,NOx,C1,-0.157416451,2004,GOF,2,A,75,0.609756098
PV1,NOx,C2,-0.253814912,2004,GOF,2,A,75,0.609756098
PV1,NOx,C3,-0.270174347,2004,GOF,2,A,75,0.609756098
PV1,NOx,C4,-0.367135664,2004,GOF,2,A,75,0.609756098
KAS,DIC,C1,15.68228232,2005,GOF,1,A,50,0.406504065
KAS,DIC,C2,17.31113211,2005,GOF,1,A,50,0.406504065
KAS,DIC,C3,22.76512127,2005,GOF,1,A,50,0.406504065
KAS,DIN,C2,-0.180439556,2005,GOF,1,A,50,0.406504065
KAS,DIP,C1,-0.113558909,2005,GOF,1,A,50,0.406504065
KAS,DIP,C2,0.055503448,2005,GOF,1,A,50,0.406504065
KAS,NH4,C1,0.183226449,2005,GOF,1,A,50,0.406504065
KAS,NH4,C2,0.130094434,2005,GOF,1,A,50,0.406504065
KAS,NOx,C1,-0.165972868,2005,GOF,1,A,50,0.406504065
KAS,NOx,C2,-0.238529872,2005,GOF,1,A,50,0.406504065
KAS,NOx,C3,-0.767801899,2005,GOF,1,A,50,0.406504065
KAS,DIC,C1,9.338550918,2005,GOF,2,A,50,0.406504065
KAS,DIC,C2,10.18327804,2005,GOF,2,A,50,0.406504065
KAS,DIC,C3,9.376381199,2005,GOF,2,A,50,0.406504065
KAS,DIC,C4,12.71507349,2005,GOF,2,A,50,0.406504065
KAS,DIN,C2,-0.081011832,2005,GOF,2,A,50,0.406504065
KAS,DIP,C1,0.008981262,2005,GOF,2,A,50,0.406504065
KAS,DIP,C2,0.005481484,2005,GOF,2,A,50,0.406504065
KAS,DIP,C4,-0.054525741,2005,GOF,2,A,50,0.406504065
KAS,NH4,C4,0.021623445,2005,GOF,2,A,50,0.406504065
KAS,NH4,C5,0.093654782,2005,GOF,2,A,50,0.406504065
KAS,NOx,C1,-0.102941652,2005,GOF,2,A,50,0.406504065
KAS,NOx,C2,-0.082999427,2005,GOF,2,A,50,0.406504065
PV1,DIC,C1,39.62400859,2005,GOF,1,A,75,0.609756098
PV1,DIC,C2,33.31405804,2005,GOF,1,A,75,0.609756098
PV1,DIC,C3,45.37527719,2005,GOF,1,A,75,0.609756098
PV1,DIC,C4,60.9692434,2005,GOF,1,A,75,0.609756098
PV1,DIC,C5,14.34720352,2005,GOF,1,A,75,0.609756098
PV1,DIN,C1,2.841178214,2005,GOF,1,A,75,0.609756098
PV1,DIN,C2,3.990816223,2005,GOF,1,A,75,0.609756098
PV1,DIN,C4,4.976866621,2005,GOF,1,A,75,0.609756098
PV1,DIP,C1,1.212532706,2005,GOF,1,A,75,0.609756098
PV1,DIP,C2,1.413009355,2005,GOF,1,A,75,0.609756098
PV1,DIP,C3,1.760743842,2005,GOF,1,A,75,0.609756098
PV1,DIP,C4,1.64368646,2005,GOF,1,A,75,0.609756098
PV1,DIP,C5,0.389802564,2005,GOF,1,A,75,0.609756098
PV1,NH4,C1,9.370543665,2005,GOF,1,A,75,0.609756098
PV1,NH4,C2,4.809938613,2005,GOF,1,A,75,0.609756098
PV1,NH4,C3,5.652677866,2005,GOF,1,A,75,0.609756098
PV1,NH4,C4,6.281222881,2005,GOF,1,A,75,0.609756098
PV1,NH4,C5,2.51614589,2005,GOF,1,A,75,0.609756098
PV1,NOx,C1,-1.106583527,2005,GOF,1,A,75,0.609756098
PV1,NOx,C2,-0.634937143,2005,GOF,1,A,75,0.609756098
PV1,NOx,C4,-2.398998,2005,GOF,1,A,75,0.609756098
PV1,DIC,C1,45.98162164,2005,GOF,2,A,75,0.609756098
PV1,DIC,C2,78.13486597,2005,GOF,2,A,75,0.609756098
PV1,DIC,C3,46.34374107,2005,GOF,2,A,75,0.609756098
PV1,DIC,C4,36.12188895,2005,GOF,2,A,75,0.609756098
PV1,DIN,C1,5.524989227,2005,GOF,2,A,75,0.609756098
PV1,DIN,C2,3.728496953,2005,GOF,2,A,75,0.609756098
PV1,DIN,C3,4.162429106,2005,GOF,2,A,75,0.609756098
PV1,DIN,C4,3.736889981,2005,GOF,2,A,75,0.609756098
PV1,DIP,C1,2.406009758,2005,GOF,2,A,75,0.609756098
PV1,DIP,C2,1.021356693,2005,GOF,2,A,75,0.609756098
PV1,DIP,C3,1.283195123,2005,GOF,2,A,75,0.609756098
PV1,DIP,C4,0.964566773,2005,GOF,2,A,75,0.609756098
PV1,DIP,C5,0.927850745,2005,GOF,2,A,75,0.609756098
PV1,NH4,C1,6.48058787,2005,GOF,2,A,75,0.609756098
PV1,NH4,C2,6.432338627,2005,GOF,2,A,75,0.609756098
PV1,NH4,C3,5.322331401,2005,GOF,2,A,75,0.609756098
PV1,NH4,C4,4.586466076,2005,GOF,2,A,75,0.609756098
PV1,NH4,C5,6.194931845,2005,GOF,2,A,75,0.609756098
PV1,NOx,C1,-1.62680935,2005,GOF,2,A,75,0.609756098
PV1,NOx,C2,-1.045095414,2005,GOF,2,A,75,0.609756098
PV1,NOx,C3,-1.159902295,2005,GOF,2,A,75,0.609756098
PV1,NOx,C4,-1.156603337,2005,GOF,2,A,75,0.609756098
XV1,DIC,C2,3.194002839,2005,GOF,1,ET,37,0.300813008
XV1,DIN,C1,-2.910496049,2005,GOF,1,ET,37,0.300813008
XV1,DIN,C2,-0.428299656,2005,GOF,1,ET,37,0.300813008
XV1,DIN,C3,-1.04314113,2005,GOF,1,ET,37,0.300813008
XV1,DIN,C4,-1.159401488,2005,GOF,1,ET,37,0.300813008
XV1,DIP,C1,-0.065321024,2005,GOF,1,ET,37,0.300813008
XV1,DIP,C3,-0.124391064,2005,GOF,1,ET,37,0.300813008
XV1,NH4,C1,-0.177477152,2005,GOF,1,ET,37,0.300813008
XV1,NOx,C1,-2.322472027,2005,GOF,1,ET,37,0.300813008
XV1,NOx,C2,-0.60912206,2005,GOF,1,ET,37,0.300813008
XV1,NOx,C4,-1.128368768,2005,GOF,1,ET,37,0.300813008
XV1,DIC,C3,8.460639564,2005,GOF,2,ET,37,0.300813008
XV1,DIN,C1,-0.504474278,2005,GOF,2,ET,37,0.300813008
XV1,DIN,C3,1.539261861,2005,GOF,2,ET,37,0.300813008
XV1,DIP,C1,-0.044452491,2005,GOF,2,ET,37,0.300813008
XV1,DIP,C2,-0.054286391,2005,GOF,2,ET,37,0.300813008
GF1,DIC,C1,18.4742836,2002,GOF,1,A,78,0.634146341
GF1,DIC,C3,13.10996074,2002,GOF,1,A,78,0.634146341
GF1,DIC,C4,8.142322279,2002,GOF,1,A,78,0.634146341
GF1,DIN,C1,2.342117322,2002,GOF,1,A,78,0.634146341
GF1,DIN,C3,2.46526929,2002,GOF,1,A,78,0.634146341
GF1,DIN,C4,1.273132526,2002,GOF,1,A,78,0.634146341
GF1,DIP,C3,0.612484192,2002,GOF,1,A,78,0.634146341
GF1,DIP,C5,2.18305242,2002,GOF,1,A,78,0.634146341
GF1,NH4,C3,1.903737062,2002,GOF,1,A,78,0.634146341
GF1,NH4,C4,1.391686703,2002,GOF,1,A,78,0.634146341
GF2,DIC,C1,26.44252607,2002,GOF,1,A,85,0.691056911
GF2,DIC,C3,38.89461083,2002,GOF,1,A,85,0.691056911
GF2,DIC,C4,23.83658019,2002,GOF,1,A,85,0.691056911
GF2,DIN,C1,4.838408586,2002,GOF,1,A,85,0.691056911
GF2,DIN,C3,3.952697661,2002,GOF,1,A,85,0.691056911
GF2,DIP,C1,1.068450264,2002,GOF,1,A,85,0.691056911
GF2,DIP,C3,1.359592797,2002,GOF,1,A,85,0.691056911
GF2,DIP,C5,1.627161039,2002,GOF,1,A,85,0.691056911
GF2,NH4,C3,4.175030548,2002,GOF,1,A,85,0.691056911
GF2,NH4,C4,0.56619355,2002,GOF,1,A,85,0.691056911
GF2,NH4,C5,4.593969243,2002,GOF,1,A,85,0.691056911
GF5,DIC,C1,7.686618511,2002,GOF,1,ET,51,0.414634146
GF5,DIC,C3,2.704917707,2002,GOF,1,ET,51,0.414634146
GF5,DIN,C3,0.871137016,2002,GOF,1,ET,51,0.414634146
GF5,DIP,C4,-0.780196001,2002,GOF,1,ET,51,0.414634146
GF5,NH4,C3,0.691923216,2002,GOF,1,ET,51,0.414634146
GF6,DIC,C1,18.96809154,2002,GOF,1,ET,48,0.390243902
GF6,DIN,C1,-0.549482474,2002,GOF,1,ET,48,0.390243902
GF6,DIN,C3,-2.25898308,2002,GOF,1,ET,48,0.390243902
GF6,DIP,C3,0.147484409,2002,GOF,1,ET,48,0.390243902
GF6,NH4,C1,-0.480700017,2002,GOF,1,ET,48,0.390243902
GF6,NH4,C3,-1.396159207,2002,GOF,1,ET,48,0.390243902
GF6,DIC,C2,6.668662458,2002,GOF,2,ET,48,0.390243902
GF6,DIC,C3,2.784530277,2002,GOF,2,ET,48,0.390243902
GF6,DIN,C4,-0.895008291,2002,GOF,2,ET,48,0.390243902
GF6,DIP,C1,-0.092583444,2002,GOF,2,ET,48,0.390243902
GF6,DIP,C3,0.053104004,2002,GOF,2,ET,48,0.390243902
GF6,NH4,C4,-1.086715807,2002,GOF,2,ET,48,0.390243902
D,BW_O2,,0,2008,BP,,A,130,0.522088353
D,ChlA.inv,,65.28807898,2008,BP,,A,130,0.522088353
D,OC.inv,,1.050089835,2008,BP,,A,130,0.522088353
D,TN.inv,,1.005861985,2008,BP,,A,130,0.522088353
D,BW_O2,,0,2010,BP,,A,130,0.522088353
D,ChlA.inv,,105.1532524,2010,BP,,A,130,0.522088353
D,OC.inv,,1.078324197,2010,BP,,A,130,0.522088353
D,TN.inv,,1.009451702,2010,BP,,A,130,0.522088353
D,BW_O2,,0,2016,BP,,A,130,0.522088353
D,IP.inv,,1.000947447,2016,BP,,A,130,0.522088353
D,OC.inv,,1.105554068,2016,BP,,A,130,0.522088353
D,TN.inv,,1.011542385,2016,BP,,A,130,0.522088353
D,TP.inv,,1.002055634,2016,BP,,A,130,0.522088353
D,BW_O2,,2,2017,BP,,A,130,0.522088353
D,IP.inv,,1.000229145,2017,BP,,A,130,0.522088353
D,OC.inv,,1.046304642,2017,BP,,A,130,0.522088353
D,TN.inv,,1.005444868,2017,BP,,A,130,0.522088353
D,TP.inv,,1.000568861,2017,BP,,A,130,0.522088353
D,BW_O2,,0,2018,BP,,A,130,0.522088353
E,BW_O2,,0,2008,BP,,A,170,0.682730924
E,ChlA.inv,,70.36373849,2008,BP,,A,170,0.682730924
E,OC.inv,,1.049156828,2008,BP,,A,170,0.682730924
E,TN.inv,,1.005385985,2008,BP,,A,170,0.682730924
E,TP.inv,,1.000823681,2008,BP,,A,170,0.682730924
E,BW_O2,,0,2010,BP,,A,170,0.682730924
E,ChlA.inv,,96.05039309,2010,BP,,A,170,0.682730924
E,OC.inv,,1.059127743,2010,BP,,A,170,0.682730924
E,TN.inv,,1.006775113,2010,BP,,A,170,0.682730924
E,BW_O2,,30,2015,BP,,A,170,0.682730924
E,IP.inv,,1.000616524,2015,BP,,A,170,0.682730924
E,OC.inv,,1.090307624,2015,BP,,A,170,0.682730924
E,TN.inv,,1.009725547,2015,BP,,A,170,0.682730924
E,TP.inv,,1.0013783,2015,BP,,A,170,0.682730924
E,BW_O2,,10,2016,BP,,A,170,0.682730924
E,IP.inv,,1.000819859,2016,BP,,A,170,0.682730924
E,OC.inv,,1.109959431,2016,BP,,A,170,0.682730924
E,TN.inv,,1.011665234,2016,BP,,A,170,0.682730924
E,TP.inv,,1.001777568,2016,BP,,A,170,0.682730924
E,BW_O2,,12,2017,BP,,A,170,0.682730924
E,IP.inv,,1.000407435,2017,BP,,A,170,0.682730924
E,OC.inv,,1.045952555,2017,BP,,A,170,0.682730924
E,TN.inv,,1.004896732,2017,BP,,A,170,0.682730924
E,TP.inv,,1.000829738,2017,BP,,A,170,0.682730924
E,BW_O2,,0,2018,BP,,A,170,0.682730924
F,BW_O2,,0,2008,BP,,A,210,0.843373494
F,ChlA.inv,,75.75784493,2008,BP,,A,210,0.843373494
F,OC.inv,,1.043374188,2008,BP,,A,210,0.843373494
F,TN.inv,,1.004740166,2008,BP,,A,210,0.843373494
F,TP.inv,,1.000552274,2008,BP,,A,210,0.843373494
F,BW_O2,,0,2010,BP,,A,210,0.843373494
F,ChlA.inv,,110.7966399,2010,BP,,A,210,0.843373494
F,OC.inv,,1.05955346,2010,BP,,A,210,0.843373494
F,TN.inv,,1.007080185,2010,BP,,A,210,0.843373494
F,BW_O2,,45,2015,BP,,A,210,0.843373494
F,IP.inv,,1.000639786,2015,BP,,A,210,0.843373494
F,OC.inv,,1.083555665,2015,BP,,A,210,0.843373494
F,TN.inv,,1.008892491,2015,BP,,A,210,0.843373494
F,TP.inv,,1.001405323,2015,BP,,A,210,0.843373494
F,BW_O2,,25,2016,BP,,A,210,0.843373494
F,IP.inv,,1.000776871,2016,BP,,A,210,0.843373494
F,OC.inv,,1.101870208,2016,BP,,A,210,0.843373494
F,TN.inv,,1.01083493,2016,BP,,A,210,0.843373494
F,TP.inv,,1.001650657,2016,BP,,A,210,0.843373494
F,BW_O2,,27,2017,BP,,A,210,0.843373494
F,IP.inv,,1.000204263,2017,BP,,A,210,0.843373494
F,OC.inv,,1.041489541,2017,BP,,A,210,0.843373494
F,TN.inv,,1.004497515,2017,BP,,A,210,0.843373494
F,TP.inv,,1.000533179,2017,BP,,A,210,0.843373494
F,BW_O2,,0,2018,BP,,A,210,0.843373494
T002,BW_O2,,0,2020,BP,,A,120,0.261437908
T003,BW_O2,,195,2020,BP,,A,62,0.135076253
W009,BW_O2,,0,2020,BP,,A,110,0.239651416
W010,BW_O2,,0,2020,BP,,A,94,0.204793028
W013,BW_O2,,50,2020,BP,,A,72,0.156862745
Y,BW_O2,,0,2008,BP,,A,120,0.481927711
Y,ChlA.inv,,79.81980092,2008,BP,,A,120,0.481927711
Y,OC.inv,,1.061105183,2008,BP,,A,120,0.481927711
Y,TN.inv,,1.007553444,2008,BP,,A,120,0.481927711
Y,BW_O2,,0,2009,BP,,A,120,0.481927711
Y,ChlA.inv,,82.13169191,2009,BP,,A,120,0.481927711
Y,OC.inv,,1.058925579,2009,BP,,A,120,0.481927711
Y,TN.inv,,1.007034604,2009,BP,,A,120,0.481927711
Y,BW_O2,,0,2010,BP,,A,120,0.481927711
Y,OC.inv,,1.056616809,2010,BP,,A,120,0.481927711
Y,TN.inv,,1.006582918,2010,BP,,A,120,0.481927711
A,BW_O2,,279,2008,BP,,ET,60,0.240963855
A,ChlA.inv,,5.864954842,2008,BP,,ET,60,0.240963855
A,OC.inv,,1.007993365,2008,BP,,ET,60,0.240963855
A,TN.inv,,1.001082176,2008,BP,,ET,60,0.240963855
A,TP.inv,,1.000412565,2008,BP,,ET,60,0.240963855
A,BW_O2,,178,2010,BP,,ET,60,0.240963855
A,ChlA.inv,,18.62522878,2010,BP,,ET,60,0.240963855
A,BW_O2,,337,2016,BP,,ET,60,0.240963855
A,IP.inv,,1.00044937,2016,BP,,ET,60,0.240963855
A,OC.inv,,1.018351343,2016,BP,,ET,60,0.240963855
A,TN.inv,,1.001748441,2016,BP,,ET,60,0.240963855
A,TP.inv,,1.001058329,2016,BP,,ET,60,0.240963855
A,BW_O2,,340,2017,BP,,ET,60,0.240963855
A,IP.inv,,1.000236404,2017,BP,,ET,60,0.240963855
A,OC.inv,,1.008584152,2017,BP,,ET,60,0.240963855
A,TN.inv,,1.001011602,2017,BP,,ET,60,0.240963855
A,TP.inv,,1.000375908,2017,BP,,ET,60,0.240963855
A,BW_O2,,350,2018,BP,,ET,60,0.240963855
B,BW_O2,,125,2008,BP,,ET,75,0.301204819
B,ChlA.inv,,23.00932911,2008,BP,,ET,75,0.301204819
B,OC.inv,,1.016607531,2008,BP,,ET,75,0.301204819
B,TN.inv,,1.002176306,2008,BP,,ET,75,0.301204819
B,TP.inv,,1.000374436,2008,BP,,ET,75,0.301204819
B,BW_O2,,2,2010,BP,,ET,75,0.301204819
B,ChlA.inv,,55.07276705,2010,BP,,ET,75,0.301204819
B,OC.inv,,1.013970288,2010,BP,,ET,75,0.301204819
B,TN.inv,,1.001676138,2010,BP,,ET,75,0.301204819
C,BW_O2,,6,2008,BP,,ET,90,0.361445783
C,ChlA.inv,,22.7476454,2008,BP,,ET,90,0.361445783
C,OC.inv,,1.010984794,2008,BP,,ET,90,0.361445783
C,TN.inv,,1.00127469,2008,BP,,ET,90,0.361445783
H,BW_O2,,248,2010,BP,,ET,44,0.176706827
H,ChlA.inv,,21.21842789,2010,BP,,ET,44,0.176706827
H,OC.inv,,1.00622028,2010,BP,,ET,44,0.176706827
H,TN.inv,,1.000901318,2010,BP,,ET,44,0.176706827
T011,BW_O2,,0,2020,BP,,ET,120,0.261437908
U,BW_O2,,191,2009,BP,,ET,50,0.200803213
U,ChlA.inv,,10.22483973,2009,BP,,ET,50,0.200803213
U,OC.inv,,1.004005917,2009,BP,,ET,50,0.200803213
U,TN.inv,,1.000581326,2009,BP,,ET,50,0.200803213
U,BW_O2,,191,2010,BP,,ET,50,0.200803213
U,OC.inv,,1.001558923,2010,BP,,ET,50,0.200803213
U,TN.inv,,1.000217791,2010,BP,,ET,50,0.200803213
V,BW_O2,,27,2008,BP,,ET,65,0.261044177
V,ChlA.inv,,22.43630317,2008,BP,,ET,65,0.261044177
V,OC.inv,,1.011977343,2008,BP,,ET,65,0.261044177
V,TN.inv,,1.001710273,2008,BP,,ET,65,0.261044177
V,BW_O2,,36,2009,BP,,ET,65,0.261044177
V,ChlA.inv,,28.94198294,2009,BP,,ET,65,0.261044177
V,OC.inv,,1.007197461,2009,BP,,ET,65,0.261044177
V,TN.inv,,1.000898563,2009,BP,,ET,65,0.261044177
V,BW_O2,,14,2010,BP,,ET,65,0.261044177
V,OC.inv,,1.007886434,2010,BP,,ET,65,0.261044177
V,TN.inv,,1.001016509,2010,BP,,ET,65,0.261044177
W015,BW_O2,,210,2020,BP,,ET,65,0.1416122
GOB1,BW_O2,,303,2013,GOB,,A,86,0.589041096
GOB1,OC.inv,,1.056357063,2013,GOB,,A,86,0.589041096
GOB1,TN.inv,,1.005104577,2013,GOB,,A,86,0.589041096
GOB1,BW_O2,,341,2014,GOB,,A,86,0.589041096
GOB1,IP.inv,,1.001760283,2014,GOB,,A,86,0.589041096
GOB1,OC.inv,,1.05893611,2014,GOB,,A,86,0.589041096
GOB1,TN.inv,,1.00475349,2014,GOB,,A,86,0.589041096
GOB1,TP.inv,,1.00368194,2014,GOB,,A,86,0.589041096
GOB2,BW_O2,,287,2013,GOB,,A,110,0.753424658
GOB2,ChlA.inv,,3.016437851,2013,GOB,,A,110,0.753424658
GOB2,OC.inv,,1.038033087,2013,GOB,,A,110,0.753424658
GOB2,TN.inv,,1.00344756,2013,GOB,,A,110,0.753424658
GOB2,BW_O2,,294,2014,GOB,,A,110,0.753424658
GOB2,IP.inv,,1.001195726,2014,GOB,,A,110,0.753424658
GOB2,OC.inv,,1.051460753,2014,GOB,,A,110,0.753424658
GOB2,TN.inv,,1.004410576,2014,GOB,,A,110,0.753424658
GOB2,TP.inv,,1.002954715,2014,GOB,,A,110,0.753424658
GOB3,BW_O2,,208,2013,GOB,,ET,91,0.310580205
GOB3,ChlA.inv,,1.222315198,2013,GOB,,ET,91,0.310580205
GOB3,OC.inv,,1.006621616,2013,GOB,,ET,91,0.310580205
GOB3,TN.inv,,1.000742774,2013,GOB,,ET,91,0.310580205
GOB3,BW_O2,,179,2014,GOB,,ET,91,0.310580205
GOB3,IP.inv,,1.000338502,2014,GOB,,ET,91,0.310580205
GOB3,OC.inv,,1.007610538,2014,GOB,,ET,91,0.310580205
GOB3,TN.inv,,1.000763016,2014,GOB,,ET,91,0.310580205
GOB3,TP.inv,,1.000609475,2014,GOB,,ET,91,0.310580205
GF1,BW_O2,,0,2002,GOF,,A,78,0.634146341
GF1,OC.inv,,1.03226983,2002,GOF,,A,78,0.634146341
GF1,TN.inv,,1.00411156,2002,GOF,,A,78,0.634146341
GF2,BW_O2,,0,2002,GOF,,A,85,0.691056911
GF2,OC.inv,,1.03285165,2002,GOF,,A,85,0.691056911
GF2,TN.inv,,1.00357863,2002,GOF,,A,85,0.691056911
PV1,BW_O2,,1,2003,GOF,,A,75,0.609756098
PV1,OC.inv,,1.028756069,2003,GOF,,A,75,0.609756098
PV1,TN.inv,,1.003755963,2003,GOF,,A,75,0.609756098
PV1,BW_O2,,144,2004,GOF,,A,75,0.609756098
PV1,OC.inv,,1.027678279,2004,GOF,,A,75,0.609756098
PV1,TN.inv,,1.003615403,2004,GOF,,A,75,0.609756098
PV1,BW_O2,,10,2005,GOF,,A,75,0.609756098
PV1,ChlA.inv,,868.9,2005,GOF,,A,75,0.609756098
PV1,OC.inv,,1.01431098,2005,GOF,,A,75,0.609756098
PV1,TN.inv,,1.002615434,2005,GOF,,A,75,0.609756098
GF5,BW_O2,,340,2002,GOF,,ET,51,0.414634146
GF5,OC.inv,,1.02181748,2002,GOF,,ET,51,0.414634146
GF5,TN.inv,,1.0022437,2002,GOF,,ET,51,0.414634146
GF6,BW_O2,,320,2002,GOF,,ET,48,0.390243902
GF6,OC.inv,,1.01467539,2002,GOF,,ET,48,0.390243902
GF6,TN.inv,,1.0013876,2002,GOF,,ET,48,0.390243902
KAS,BW_O2,,150,2003,GOF,,A,50,0.406504065
KAS,OC.inv,,1.029200333,2003,GOF,,A,50,0.406504065
KAS,TN.inv,,1.003813413,2003,GOF,,A,50,0.406504065
KAS,BW_O2,,214,2004,GOF,,A,50,0.406504065
KAS,OC.inv,,1.017051658,2004,GOF,,A,50,0.406504065
KAS,TN.inv,,1.00201314,2004,GOF,,A,50,0.406504065
KAS,BW_O2,,210,2005,GOF,,A,50,0.406504065
KAS,ChlA.inv,,70.8712483,2005,GOF,,A,50,0.406504065
KAS,OC.inv,,1.04510607,2005,GOF,,A,50,0.406504065
KAS,TN.inv,,1.006784,2005,GOF,,A,50,0.406504065
XV1,BW_O2,,85,2003,GOF,,ET,37,0.300813008
XV1,BW_O2,,285,2005,GOF,,ET,37,0.300813008
XV1,OC.inv,,1.025185458,2005,GOF,,ET,37,0.300813008
XV1,TN.inv,,1.002986819,2005,GOF,,ET,37,0.300813008
