basin,BT,code,year,WD,var,value,unit,deployment,N.WD
BP,A,D,2008,130,S,12,,,0.522088353
BP,A,D,2008,130,BW_O2,0,,,0.522088353
BP,A,D,2008,130,ChlA.inv,64.288079,,,0.522088353
BP,A,D,2008,130,OC.inv,0.050089835,,,0.522088353
BP,A,D,2008,130,TN.inv,0.005861985,,,0.522088353
BP,A,D,2008,130,CN,9.960702205,,,0.522088353
BP,A,D,2010,130,S,12,,,0.522088353
BP,A,D,2010,130,BW_O2,0,,,0.522088353
BP,A,D,2010,130,ChlA.inv,74.2147515,,,0.522088353
BP,A,D,2010,130,OC.inv,0.050860394,,,0.522088353
BP,A,D,2010,130,TN.inv,0.006138708,,,0.522088353
BP,A,D,2010,130,CN,9.658012555,,,0.522088353
BP,A,E,2008,170,S,12.6,,,0.682730924
BP,A,E,2008,170,BW_O2,0,,,0.682730924
BP,A,E,2008,170,ChlA.inv,69.3637385,,,0.682730924
BP,A,E,2008,170,OC.inv,0.049156828,,,0.682730924
BP,A,E,2008,170,TN.inv,0.005385985,,,0.682730924
BP,A,E,2008,170,TP.inv,0.000823681,,,0.682730924
BP,A,E,2008,170,CN,10.63907239,,,0.682730924
BP,A,E,2008,170,CP,153.8945212,,,0.682730924
BP,A,E,2008,170,NP,14.46503188,,,0.682730924
BP,A,E,2010,170,S,12.3,,,0.682730924
BP,A,E,2010,170,BW_O2,0,,,0.682730924
BP,A,E,2010,170,ChlA.inv,77.2147272,,,0.682730924
BP,A,E,2010,170,OC.inv,0.039122517,,,0.682730924
BP,A,E,2010,170,TN.inv,0.004433955,,,0.682730924
BP,A,E,2010,170,CN,10.28538365,,,0.682730924
BP,A,F,2008,210,S,12.7,,,0.843373494
BP,A,F,2008,210,BW_O2,0,,,0.843373494
BP,A,F,2008,210,ChlA.inv,74.7578449,,,0.843373494
BP,A,F,2008,210,OC.inv,0.043374188,,,0.843373494
BP,A,F,2008,210,TN.inv,0.004740166,,,0.843373494
BP,A,F,2008,210,TP.inv,0.000552274,,,0.843373494
BP,A,F,2008,210,CN,10.66652316,,,0.843373494
BP,A,F,2008,210,CP,202.5232457,,,0.843373494
BP,A,F,2008,210,NP,18.98680972,,,0.843373494
BP,A,F,2010,210,S,12.5,,,0.843373494
BP,A,F,2010,210,BW_O2,0,,,0.843373494
BP,A,F,2010,210,ChlA.inv,82.3203238,,,0.843373494
BP,A,F,2010,210,OC.inv,0.03982924,,,0.843373494
BP,A,F,2010,210,TN.inv,0.004773459,,,0.843373494
BP,A,F,2010,210,CN,9.726437819,,,0.843373494
BP,A,Y,2008,120,BW_O2,0,,,0.481927711
BP,A,Y,2008,120,ChlA.inv,78.8198009,,,0.481927711
BP,A,Y,2008,120,OC.inv,0.061105183,,,0.481927711
BP,A,Y,2008,120,TN.inv,0.007553444,,,0.481927711
BP,A,Y,2008,120,CN,9.430138458,,,0.481927711
BP,A,Y,2009,120,S,11.3,,,0.481927711
BP,A,Y,2009,120,BW_O2,0,,,0.481927711
BP,A,Y,2009,120,ChlA.inv,81.1316919,,,0.481927711
BP,A,Y,2009,120,OC.inv,0.058925579,,,0.481927711
BP,A,Y,2009,120,TN.inv,0.007034604,,,0.481927711
BP,A,Y,2009,120,CN,9.764483212,,,0.481927711
BP,A,Y,2010,120,BW_O2,0,,,0.481927711
BP,A,Y,2010,120,OC.inv,0.056616809,,,0.481927711
BP,A,Y,2010,120,TN.inv,0.006582918,,,0.481927711
BP,A,Y,2010,120,CN,10.02563659,,,0.481927711
BP,ET,A,2008,60,S,7.5,,,0.240963855
BP,ET,A,2008,60,BW_O2,279,,,0.240963855
BP,ET,A,2008,60,ChlA.inv,4.8649548,,,0.240963855
BP,ET,A,2008,60,OC.inv,0.007993365,,,0.240963855
BP,ET,A,2008,60,TN.inv,0.001082176,,,0.240963855
BP,ET,A,2008,60,TP.inv,0.000412565,,,0.240963855
BP,ET,A,2008,60,CN,8.610273271,,,0.240963855
BP,ET,A,2008,60,CP,49.96155963,,,0.240963855
BP,ET,A,2008,60,NP,5.802552143,,,0.240963855
BP,ET,A,2010,60,S,8.4,,,0.240963855
BP,ET,A,2010,60,BW_O2,178,,,0.240963855
BP,ET,A,2010,60,ChlA.inv,17.6252288,,,0.240963855
BP,ET,B,2008,75,S,8.7,,,0.301204819
BP,ET,B,2008,75,BW_O2,125,,,0.301204819
BP,ET,B,2008,75,ChlA.inv,22.0093291,,,0.301204819
BP,ET,B,2008,75,OC.inv,0.016607531,,,0.301204819
BP,ET,B,2008,75,TN.inv,0.002176306,,,0.301204819
BP,ET,B,2008,75,TP.inv,0.000374436,,,0.301204819
BP,ET,B,2008,75,CN,8.895495016,,,0.301204819
BP,ET,B,2008,75,CP,114.3734466,,,0.301204819
BP,ET,B,2008,75,NP,12.85745722,,,0.301204819
BP,ET,B,2010,75,S,9.9,,,0.301204819
BP,ET,B,2010,75,BW_O2,2,,,0.301204819
BP,ET,B,2010,75,ChlA.inv,54.072767,,,0.301204819
BP,ET,B,2010,75,OC.inv,0.013970288,,,0.301204819
BP,ET,B,2010,75,TN.inv,0.001676138,,,0.301204819
BP,ET,B,2010,75,CN,9.715847581,,,0.301204819
BP,ET,C,2008,90,S,10,,,0.361445783
BP,ET,C,2008,90,BW_O2,6,,,0.361445783
BP,ET,C,2008,90,ChlA.inv,21.7476454,,,0.361445783
BP,ET,C,2008,90,OC.inv,0.010984794,,,0.361445783
BP,ET,C,2008,90,TN.inv,0.00127469,,,0.361445783
BP,ET,C,2008,90,CN,10.04552028,,,0.361445783
BP,ET,H,2010,44,S,7.8,,,0.176706827
BP,ET,H,2010,44,BW_O2,248,,,0.176706827
BP,ET,H,2010,44,ChlA.inv,20.2184279,,,0.176706827
BP,ET,H,2010,44,OC.inv,0.00622028,,,0.176706827
BP,ET,H,2010,44,TN.inv,0.000901318,,,0.176706827
BP,ET,H,2010,44,CN,8.044831767,,,0.176706827
BP,ET,HB1,2001,48,S,7.9,,,0.192771084
BP,ET,HB1,2001,48,BW_O2,360,,,0.192771084
BP,ET,HB1,2001,48,OC.inv,0.008708591,,,0.192771084
BP,ET,HB1,2001,48,TN.inv,0.001005624,,,0.192771084
BP,ET,HB1,2001,48,CN,10.09478608,,,0.192771084
BP,ET,HB2,2001,52,S,7.7,,,0.208835341
BP,ET,HB2,2001,52,BW_O2,382,,,0.208835341
BP,ET,HB2,2001,52,OC.inv,0.017179781,,,0.208835341
BP,ET,HB2,2001,52,TN.inv,0.002145147,,,0.208835341
BP,ET,HB2,2001,52,CN,9.335670877,,,0.208835341
BP,ET,HB3,2001,40,S,8,,,0.16064257
BP,ET,HB3,2001,40,BW_O2,361,,,0.16064257
BP,ET,HB3,2001,40,OC.inv,0.016786062,,,0.16064257
BP,ET,HB3,2001,40,TN.inv,0.0017886,,,0.16064257
BP,ET,HB3,2001,40,CN,10.94008136,,,0.16064257
BP,ET,J,2010,30,S,4.5,,,0.120481928
BP,ET,J,2010,30,BW_O2,274,,,0.120481928
BP,ET,U,2009,50,S,7.6,,,0.200803213
BP,ET,U,2009,50,BW_O2,191,,,0.200803213
BP,ET,U,2009,50,ChlA.inv,9.2248397,,,0.200803213
BP,ET,U,2009,50,OC.inv,0.004005917,,,0.200803213
BP,ET,U,2009,50,TN.inv,0.000581326,,,0.200803213
BP,ET,U,2009,50,CN,8.032805061,,,0.200803213
BP,ET,U,2010,50,OC.inv,0.001558923,,,0.200803213
BP,ET,U,2010,50,TN.inv,0.000217791,,,0.200803213
BP,ET,U,2010,50,CN,8.34392443,,,0.200803213
BP,ET,V,2008,65,BW_O2,27,,,0.261044177
BP,ET,V,2008,65,ChlA.inv,21.4363032,,,0.261044177
BP,ET,V,2008,65,OC.inv,0.011977343,,,0.261044177
BP,ET,V,2008,65,TN.inv,0.001710273,,,0.261044177
BP,ET,V,2008,65,CN,8.163568189,,,0.261044177
BP,ET,V,2009,65,S,9.4,,,0.261044177
BP,ET,V,2009,65,BW_O2,36,,,0.261044177
BP,ET,V,2009,65,ChlA.inv,27.9419829,,,0.261044177
BP,ET,V,2009,65,OC.inv,0.007197461,,,0.261044177
BP,ET,V,2009,65,TN.inv,0.000898563,,,0.261044177
BP,ET,V,2009,65,CN,9.337179765,,,0.261044177
BP,ET,V,2010,65,BW_O2,14,,,0.261044177
BP,ET,V,2010,65,OC.inv,0.007886434,,,0.261044177
BP,ET,V,2010,65,TN.inv,0.001016509,,,0.261044177
BP,ET,V,2010,65,CN,9.043876938,,,0.261044177
GOB,A,GOB1,2013,86,S,3.4,,,0.589041096
GOB,A,GOB1,2013,86,BW_O2,303,,,0.589041096
GOB,A,GOB1,2013,86,OC.inv,0.056357063,,,0.589041096
GOB,A,GOB1,2013,86,TN.inv,0.005104577,,,0.589041096
GOB,A,GOB1,2013,86,CN,12.86985327,,,0.589041096
GOB,A,GOB1,2014,86,S,3.4,,,0.589041096
GOB,A,GOB1,2014,86,BW_O2,341,,,0.589041096
GOB,A,GOB1,2014,86,OC.inv,0.05893611,,,0.589041096
GOB,A,GOB1,2014,86,TN.inv,0.00475349,,,0.589041096
GOB,A,GOB1,2014,86,IP.inv,0.001760283,,,0.589041096
GOB,A,GOB1,2014,86,TP.inv,0.00368194,,,0.589041096
GOB,A,GOB1,2014,86,CN,14.45286384,,,0.589041096
GOB,A,GOB1,2014,86,CP,41.27651227,,,0.589041096
GOB,A,GOB1,2014,86,NP,2.855940023,,,0.589041096
GOB,A,GOB2,2013,110,S,4,,,0.753424658
GOB,A,GOB2,2013,110,BW_O2,287,,,0.753424658
GOB,A,GOB2,2013,110,ChlA.inv,2.0164379,,,0.753424658
GOB,A,GOB2,2013,110,OC.inv,0.038033087,,,0.753424658
GOB,A,GOB2,2013,110,TN.inv,0.00344756,,,0.753424658
GOB,A,GOB2,2013,110,CN,12.85981502,,,0.753424658
GOB,A,GOB2,2014,110,S,4,,,0.753424658
GOB,A,GOB2,2014,110,BW_O2,294,,,0.753424658
GOB,A,GOB2,2014,110,OC.inv,0.051460753,,,0.753424658
GOB,A,GOB2,2014,110,TN.inv,0.004410576,,,0.753424658
GOB,A,GOB2,2014,110,IP.inv,0.001195726,,,0.753424658
GOB,A,GOB2,2014,110,TP.inv,0.002954715,,,0.753424658
GOB,A,GOB2,2014,110,CN,13.6008451,,,0.753424658
GOB,A,GOB2,2014,110,CP,44.91162632,,,0.753424658
GOB,A,GOB2,2014,110,NP,3.302120272,,,0.753424658
GOB,ET,GOB3,2013,91,S,6,,,0.623287671
GOB,ET,GOB3,2013,91,BW_O2,208,,,0.623287671
GOB,ET,GOB3,2013,91,ChlA.inv,0.2223152,,,0.623287671
GOB,ET,GOB3,2013,91,OC.inv,0.006621616,,,0.623287671
GOB,ET,GOB3,2013,91,TN.inv,0.000742774,,,0.623287671
GOB,ET,GOB3,2013,91,CN,10.39183142,,,0.623287671
GOB,ET,GOB3,2014,91,S,6.1,,,0.623287671
GOB,ET,GOB3,2014,91,BW_O2,179,,,0.623287671
GOB,ET,GOB3,2014,91,OC.inv,0.007610538,,,0.623287671
GOB,ET,GOB3,2014,91,TN.inv,0.000763016,,,0.623287671
GOB,ET,GOB3,2014,91,IP.inv,0.000338502,,,0.623287671
GOB,ET,GOB3,2014,91,TP.inv,0.000609475,,,0.623287671
GOB,ET,GOB3,2014,91,CN,11.62697357,,,0.623287671
GOB,ET,GOB3,2014,91,CP,32.20014321,,,0.623287671
GOB,ET,GOB3,2014,91,NP,2.769434627,,,0.623287671
GOF,A,GF1,2002,78,S,9.9,,,0.634146341
GOF,A,GF1,2002,78,BW_O2,0,,,0.634146341
GOF,A,GF1,2002,78,OC.inv,0.03226983,,,0.634146341
GOF,A,GF1,2002,78,TN.inv,0.00411156,,,0.634146341
GOF,A,GF1,2002,78,CN,9.14903046,,,0.634146341
GOF,A,GF2,2002,85,S,9.9,,,0.691056911
GOF,A,GF2,2002,85,BW_O2,0,,,0.691056911
GOF,A,GF2,2002,85,OC.inv,0.03285165,,,0.691056911
GOF,A,GF2,2002,85,TN.inv,0.00357863,,,0.691056911
GOF,A,GF2,2002,85,CN,10.70102595,,,0.691056911
GOF,A,PV1,2003,75,S,9.3,,,0.609756098
GOF,A,PV1,2003,75,BW_O2,1,,,0.609756098
GOF,A,PV1,2003,75,ChlA.inv,74.669718,,,0.609756098
GOF,A,PV1,2003,75,OC.inv,0.028756069,,,0.609756098
GOF,A,PV1,2003,75,TN.inv,0.003755963,,,0.609756098
GOF,A,PV1,2003,75,CN,8.924691583,,,0.609756098
GOF,A,PV1,2004,75,S,7.8,,,0.609756098
GOF,A,PV1,2004,75,BW_O2,144,,,0.609756098
GOF,A,PV1,2004,75,ChlA.inv,85.3010711,,,0.609756098
GOF,A,PV1,2004,75,OC.inv,0.027678279,,,0.609756098
GOF,A,PV1,2004,75,TN.inv,0.003615403,,,0.609756098
GOF,A,PV1,2004,75,TP.inv,0.000408595,,,0.609756098
GOF,A,PV1,2004,75,CN,8.924161498,,,0.609756098
GOF,A,PV1,2004,75,CP,174.6804222,,,0.609756098
GOF,A,PV1,2004,75,NP,19.57387506,,,0.609756098
GOF,A,PV1,2005,75,S,10.4,,,0.609756098
GOF,A,PV1,2005,75,BW_O2,10,,,0.609756098
GOF,A,PV1,2005,75,ChlA.inv,867.9,,,0.609756098
GOF,A,PV1,2005,75,OC.inv,0.01431098,,,0.609756098
GOF,A,PV1,2005,75,TN.inv,0.002615434,,,0.609756098
GOF,A,PV1,2005,75,CN,6.378383651,,,0.609756098
GOF,ET,GF5,2002,51,S,7,,,0.414634146
GOF,ET,GF5,2002,51,BW_O2,340,,,0.414634146
GOF,ET,GF5,2002,51,OC.inv,0.02181748,,,0.414634146
GOF,ET,GF5,2002,51,TN.inv,0.0022437,,,0.414634146
GOF,ET,GF5,2002,51,CN,11.33508619,,,0.414634146
GOF,ET,GF6,2002,48,S,7,,,0.390243902
GOF,ET,GF6,2002,48,BW_O2,320,,,0.390243902
GOF,ET,GF6,2002,48,OC.inv,0.01467539,,,0.390243902
GOF,ET,GF6,2002,48,TN.inv,0.0013876,,,0.390243902
GOF,ET,GF6,2002,48,CN,12.32850423,,,0.390243902
GOF,A,KAS,2003,50,S,7.9,,,0.406504065
GOF,A,KAS,2003,50,BW_O2,150,,,0.406504065
GOF,A,KAS,2003,50,ChlA.inv,50.787646,,,0.406504065
GOF,A,KAS,2003,50,OC.inv,0.029981968,,,0.406504065
GOF,A,KAS,2003,50,TN.inv,0.004015327,,,0.406504065
GOF,A,KAS,2003,50,CN,8.704107053,,,0.406504065
GOF,A,KAS,2004,50,S,6.9,,,0.406504065
GOF,A,KAS,2004,50,BW_O2,214,,,0.406504065
GOF,A,KAS,2004,50,ChlA.inv,65.5637183,,,0.406504065
GOF,A,KAS,2004,50,OC.inv,0.017051658,,,0.406504065
GOF,A,KAS,2004,50,TN.inv,0.00201314,,,0.406504065
GOF,A,KAS,2004,50,TP.inv,0.001513293,,,0.406504065
GOF,A,KAS,2004,50,CN,9.87364804,,,0.406504065
GOF,A,KAS,2004,50,CP,29.05639885,,,0.406504065
GOF,A,KAS,2004,50,NP,2.942823031,,,0.406504065
GOF,A,KAS,2005,50,S,8,,,0.406504065
GOF,A,KAS,2005,50,BW_O2,210,,,0.406504065
GOF,A,KAS,2005,50,ChlA.inv,69.8712483,,,0.406504065
GOF,A,KAS,2005,50,OC.inv,0.04510607,,,0.406504065
GOF,A,KAS,2005,50,TN.inv,0.006784,,,0.406504065
GOF,A,KAS,2005,50,CN,7.750579558,,,0.406504065
GOF,ET,XV1,2003,37,S,7,,,0.300813008
GOF,ET,XV1,2003,37,BW_O2,85,,,0.300813008
GOF,ET,XV1,2003,37,ChlA.inv,48.321168,,,0.300813008
GOF,ET,XV1,2003,37,OC.inv,0.016641887,,,0.300813008
GOF,ET,XV1,2003,37,TN.inv,0.002059379,,,0.300813008
GOF,ET,XV1,2003,37,CN,9.42000716,,,0.300813008
GOF,ET,XV1,2005,37,S,6.6,,,0.300813008
GOF,ET,XV1,2005,37,BW_O2,285,,,0.300813008
GOF,ET,XV1,2005,37,ChlA.inv,78.9494008,,,0.300813008
GOF,ET,XV1,2005,37,OC.inv,0.025185458,,,0.300813008
GOF,ET,XV1,2005,37,TN.inv,0.002986819,,,0.300813008
GOF,ET,XV1,2005,37,CN,9.829376295,,,0.300813008
GOB,A,GOB1,2014,86,DIC,4.84569523,1,1,0.589041096
GOB,A,GOB1,2014,86,DIN,0.098992337,1,1,0.589041096
GOB,A,GOB1,2014,86,DIP,0.05760146,1,1,0.589041096
GOB,A,GOB1,2014,86,NH4,0.014212301,1,1,0.589041096
GOB,A,GOB1,2014,86,NOx,0.076248433,1,1,0.589041096
GOB,A,GOB1,2014,86,NP_rat,1.718573395,1,1,0.589041096
GOB,A,GOB1,2014,86,CP_rat,84.12452089,1,1,0.589041096
GOB,A,GOB1,2014,86,CN_rat,48.95020552,1,1,0.589041096
GOB,A,GOB1,2014,86,DIC,4.993851069,2,1,0.589041096
GOB,A,GOB1,2014,86,DIC,5.848887989,3,1,0.589041096
GOB,A,GOB1,2014,86,DIP,0.004247011,3,1,0.589041096
GOB,A,GOB1,2014,86,NH4,0.053360669,3,1,0.589041096
GOB,A,GOB1,2014,86,CP_rat,1377.177496,3,1,0.589041096
GOB,A,GOB2,2014,110,DIC,7.209553155,1,1,0.753424658
GOB,A,GOB2,2014,110,DIN,0.202851563,1,1,0.753424658
GOB,A,GOB2,2014,110,DIP,0.032890756,1,1,0.753424658
GOB,A,GOB2,2014,110,NOx,0.167384266,1,1,0.753424658
GOB,A,GOB2,2014,110,NP_rat,6.167433937,1,1,0.753424658
GOB,A,GOB2,2014,110,CP_rat,219.1969444,1,1,0.753424658
GOB,A,GOB2,2014,110,CN_rat,35.54102835,1,1,0.753424658
GOB,A,GOB2,2014,110,DIC,4.052408069,2,1,0.753424658
GOB,A,GOB2,2014,110,DIP,0.072475127,2,1,0.753424658
GOB,A,GOB2,2014,110,CP_rat,55.91446636,2,1,0.753424658
GOB,A,GOB2,2014,110,DIC,9.471920241,3,1,0.753424658
GOB,A,GOB2,2014,110,DIP,0.067771265,3,1,0.753424658
GOB,A,GOB2,2014,110,NH4,0.053198696,3,1,0.753424658
GOB,A,GOB2,2014,110,CP_rat,139.7630734,3,1,0.753424658
GOB,A,GOB2,2014,110,DIC,6.670431253,4,1,0.753424658
GOB,A,GOB2,2014,110,DIP,0.088276799,4,1,0.753424658
GOB,A,GOB2,2014,110,NH4,0.06382106,4,1,0.753424658
GOB,A,GOB2,2014,110,CP_rat,75.56267676,4,1,0.753424658
GOB,A,GOB1,2013,86,DIC,9.272402195,2,1,0.589041096
GOB,A,GOB1,2013,86,DIP,0.015578345,2,1,0.589041096
GOB,A,GOB1,2013,86,NH4,0.279649609,2,1,0.589041096
GOB,A,GOB1,2013,86,CP_rat,595.2109997,2,1,0.589041096
GOB,A,GOB1,2013,86,DIC,10.61677687,3,1,0.589041096
GOB,A,GOB1,2013,86,DIP,0.049858368,3,1,0.589041096
GOB,A,GOB1,2013,86,NH4,0.337032067,3,1,0.589041096
GOB,A,GOB1,2013,86,CP_rat,212.9387149,3,1,0.589041096
GOB,A,GOB1,2013,86,DIC,11.9558083,4,1,0.589041096
GOB,A,GOB1,2013,86,DIN,0.826357105,4,1,0.589041096
GOB,A,GOB1,2013,86,DIP,-0.011093194,4,1,0.589041096
GOB,A,GOB1,2013,86,NH4,0.757453183,4,1,0.589041096
GOB,A,GOB1,2013,86,NOx,0.06064068,4,1,0.589041096
GOB,A,GOB1,2013,86,NP_rat,-74.49226272,4,1,0.589041096
GOB,A,GOB1,2013,86,CP_rat,-1077.760702,4,1,0.589041096
GOB,A,GOB1,2013,86,CN_rat,14.4680892,4,1,0.589041096
GOB,A,GOB1,2013,86,DIC,8.097569032,B,1,0.589041096
GOB,A,GOB1,2013,86,DIN,0.564830512,B,1,0.589041096
GOB,A,GOB1,2013,86,NH4,0.164877939,B,1,0.589041096
GOB,A,GOB1,2013,86,NOx,0.093110063,B,1,0.589041096
GOB,A,GOB1,2013,86,CN_rat,14.33628116,B,1,0.589041096
GOB,A,GOB1,2013,86,DIN,0.152333872,A,1,0.589041096
GOB,A,GOB1,2013,86,NOx,0.149239165,A,1,0.589041096
GOB,A,GOB2,2013,110,DIC,14.67864331,2,2,0.753424658
GOB,A,GOB2,2013,110,DIP,0.284680607,2,2,0.753424658
GOB,A,GOB2,2013,110,NH4,0.439416978,2,2,0.753424658
GOB,A,GOB2,2013,110,CP_rat,51.56179581,2,2,0.753424658
GOB,A,GOB2,2013,110,DIC,11.64382147,3,2,0.753424658
GOB,A,GOB2,2013,110,DIN,-0.192175779,3,2,0.753424658
GOB,A,GOB2,2013,110,DIP,0.033940525,3,2,0.753424658
GOB,A,GOB2,2013,110,NH4,0.061055108,3,2,0.753424658
GOB,A,GOB2,2013,110,NOx,-0.236536111,3,2,0.753424658
GOB,A,GOB2,2013,110,NP_rat,-5.662133312,3,2,0.753424658
GOB,A,GOB2,2013,110,CP_rat,343.0654468,3,2,0.753424658
GOB,A,GOB2,2013,110,CN_rat,-60.58943298,3,2,0.753424658
GOB,A,GOB2,2013,110,DIC,7.730327352,4,2,0.753424658
GOB,A,GOB2,2013,110,DIN,0.320434527,4,2,0.753424658
GOB,A,GOB2,2013,110,DIP,0.028467358,4,2,0.753424658
GOB,A,GOB2,2013,110,NH4,0.189934447,4,2,0.753424658
GOB,A,GOB2,2013,110,NOx,0.13050008,4,2,0.753424658
GOB,A,GOB2,2013,110,NP_rat,11.25620901,4,2,0.753424658
GOB,A,GOB2,2013,110,CP_rat,271.5505761,4,2,0.753424658
GOB,A,GOB2,2013,110,CN_rat,24.12451437,4,2,0.753424658
GOB,A,GOB2,2013,110,DIC,7.677884952,A,2,0.753424658
GOB,A,GOB2,2013,110,DIN,0.093537637,A,2,0.753424658
GOB,A,GOB2,2013,110,DIP,0.008106371,A,2,0.753424658
GOB,A,GOB2,2013,110,NOx,0.086855448,A,2,0.753424658
GOB,A,GOB2,2013,110,NP_rat,11.53878096,A,2,0.753424658
GOB,A,GOB2,2013,110,CP_rat,947.1420891,A,2,0.753424658
GOB,A,GOB2,2013,110,CN_rat,82.08337542,A,2,0.753424658
GOB,A,GOB2,2013,110,DIC,7.845856576,B,2,0.753424658
GOB,A,GOB2,2013,110,DIN,0.195157518,B,2,0.753424658
GOB,A,GOB2,2013,110,DIP,0.011518029,B,2,0.753424658
GOB,A,GOB2,2013,110,NOx,0.183509581,B,2,0.753424658
GOB,A,GOB2,2013,110,NP_rat,16.94365592,B,2,0.753424658
GOB,A,GOB2,2013,110,CP_rat,681.1804933,B,2,0.753424658
GOB,A,GOB2,2013,110,CN_rat,40.20268686,B,2,0.753424658
GOB,ET,GOB3,2013,91,DIC,4.046932437,1,1,0.623287671
GOB,ET,GOB3,2013,91,DIN,-0.382097018,1,1,0.623287671
GOB,ET,GOB3,2013,91,DIP,0.013999161,1,1,0.623287671
GOB,ET,GOB3,2013,91,NOx,-0.397867423,1,1,0.623287671
GOB,ET,GOB3,2013,91,NP_rat,-27.29427906,1,1,0.623287671
GOB,ET,GOB3,2013,91,CP_rat,289.0839187,1,1,0.623287671
GOB,ET,GOB3,2013,91,CN_rat,-10.59137404,1,1,0.623287671
GOB,ET,GOB3,2013,91,DIC,6.158577488,3,1,0.623287671
GOB,ET,GOB3,2013,91,DIP,0.025339232,3,1,0.623287671
GOB,ET,GOB3,2013,91,NH4,-0.005102492,3,1,0.623287671
GOB,ET,GOB3,2013,91,CP_rat,243.0451509,3,1,0.623287671
GOB,ET,GOB3,2013,91,DIP,0.022303257,2,1,0.623287671
GOB,ET,GOB3,2013,91,NH4,-0.016016687,2,1,0.623287671
GOB,ET,GOB3,2013,91,DIP,0.01539816,4,1,0.623287671
GOB,ET,GOB3,2013,91,DIC,3.856092802,A,1,0.623287671
GOB,ET,GOB3,2013,91,DIN,0.065873944,A,1,0.623287671
GOB,ET,GOB3,2013,91,DIP,0.018535288,A,1,0.623287671
GOB,ET,GOB3,2013,91,NOx,0.066847673,A,1,0.623287671
GOB,ET,GOB3,2013,91,NP_rat,3.553974576,A,1,0.623287671
GOB,ET,GOB3,2013,91,CP_rat,208.0406156,A,1,0.623287671
GOB,ET,GOB3,2013,91,CN_rat,58.53745186,A,1,0.623287671
GOB,ET,GOB3,2013,91,DIC,4.502640665,B,1,0.623287671
GOB,ET,GOB3,2013,91,DIP,0.008810382,B,1,0.623287671
GOB,ET,GOB3,2013,91,NH4,-0.008230356,B,1,0.623287671
GOB,ET,GOB3,2013,91,CP_rat,511.0607482,B,1,0.623287671
BP,ET,A,2008,60,DIC,13.23962014,2,1,0.240963855
BP,ET,A,2008,60,DIP,0.028796343,2,1,0.240963855
BP,ET,A,2008,60,CP_rat,459.7674111,2,1,0.240963855
BP,ET,A,2008,60,DIC,26.3429419,3,1,0.240963855
BP,ET,A,2008,60,DIN,0.217338833,3,1,0.240963855
BP,ET,A,2008,60,DIP,0.014764646,3,1,0.240963855
BP,ET,A,2008,60,NOx,0.214124377,3,1,0.240963855
BP,ET,A,2008,60,NP_rat,14.72021997,3,1,0.240963855
BP,ET,A,2008,60,CP_rat,1784.190584,3,1,0.240963855
BP,ET,A,2008,60,CN_rat,121.2067882,3,1,0.240963855
BP,ET,A,2008,60,DIN,0.098897977,4,1,0.240963855
BP,ET,A,2008,60,NOx,0.09973691,4,1,0.240963855
BP,ET,A,2008,60,NH4,0.008091736,1,1,0.240963855
BP,ET,B,2008,75,DIP,0.070762251,2,1,0.301204819
BP,ET,B,2008,75,NH4,0.019800851,2,1,0.301204819
BP,ET,C,2008,90,DIC,4.592248164,4,1,0.361445783
BP,ET,C,2008,90,DIP,-0.050681389,4,1,0.361445783
BP,ET,C,2008,90,NH4,0.383428065,4,1,0.361445783
BP,ET,C,2008,90,NOx,-0.270030104,4,1,0.361445783
BP,ET,C,2008,90,CP_rat,-90.61014753,4,1,0.361445783
BP,A,D,2008,130,DIC,16.20979878,1,1,0.522088353
BP,A,D,2008,130,DIN,3.399760278,1,1,0.522088353
BP,A,D,2008,130,DIP,0.420120662,1,1,0.522088353
BP,A,D,2008,130,NH4,3.386641149,1,1,0.522088353
BP,A,D,2008,130,NP_rat,8.092342468,1,1,0.522088353
BP,A,D,2008,130,CP_rat,38.58367425,1,1,0.522088353
BP,A,D,2008,130,CN_rat,4.767924047,1,1,0.522088353
BP,A,D,2008,130,DIC,12.68595059,2,1,0.522088353
BP,A,D,2008,130,DIN,1.317458638,2,1,0.522088353
BP,A,D,2008,130,DIP,0.211978645,2,1,0.522088353
BP,A,D,2008,130,NH4,1.34120019,2,1,0.522088353
BP,A,D,2008,130,NP_rat,6.215053583,2,1,0.522088353
BP,A,D,2008,130,CP_rat,59.84541783,2,1,0.522088353
BP,A,D,2008,130,CN_rat,9.629107301,2,1,0.522088353
BP,A,D,2008,130,DIC,38.550965,4,1,0.522088353
BP,A,D,2008,130,DIN,5.968409201,4,1,0.522088353
BP,A,D,2008,130,NH4,3.133633098,4,1,0.522088353
BP,A,D,2008,130,CN_rat,6.459169219,4,1,0.522088353
BP,A,D,2008,130,DIP,0.389301116,3,1,0.522088353
BP,A,E,2008,170,DIC,24.0088724,1,1,0.682730924
BP,A,E,2008,170,DIN,1.488546471,1,1,0.682730924
BP,A,E,2008,170,DIP,0.329304929,1,1,0.682730924
BP,A,E,2008,170,NH4,1.402769563,1,1,0.682730924
BP,A,E,2008,170,NP_rat,4.520267811,1,1,0.682730924
BP,A,E,2008,170,CP_rat,72.90772254,1,1,0.682730924
BP,A,E,2008,170,CN_rat,16.12907146,1,1,0.682730924
BP,A,E,2008,170,DIC,18.02988976,2,1,0.682730924
BP,A,E,2008,170,DIN,1.221637101,2,1,0.682730924
BP,A,E,2008,170,DIP,0.332081262,2,1,0.682730924
BP,A,E,2008,170,NH4,1.228865017,2,1,0.682730924
BP,A,E,2008,170,NP_rat,3.678729396,2,1,0.682730924
BP,A,E,2008,170,CP_rat,54.29360769,2,1,0.682730924
BP,A,E,2008,170,CN_rat,14.75879355,2,1,0.682730924
BP,A,E,2008,170,DIC,12.84610331,3,1,0.682730924
BP,A,E,2008,170,DIN,1.489426911,3,1,0.682730924
BP,A,E,2008,170,DIP,0.253879626,3,1,0.682730924
BP,A,E,2008,170,NH4,1.494233591,3,1,0.682730924
BP,A,E,2008,170,NP_rat,5.866665771,3,1,0.682730924
BP,A,E,2008,170,CP_rat,50.59918953,3,1,0.682730924
BP,A,E,2008,170,CN_rat,8.624863169,3,1,0.682730924
BP,A,E,2008,170,DIC,31.19571012,4,1,0.682730924
BP,A,E,2008,170,DIP,0.3748911,4,1,0.682730924
BP,A,E,2008,170,NH4,2.719317979,4,1,0.682730924
BP,A,E,2008,170,CP_rat,83.21272539,4,1,0.682730924
BP,A,F,2008,210,DIC,35.70797778,1,1,0.843373494
BP,A,F,2008,210,DIN,2.480309593,1,1,0.843373494
BP,A,F,2008,210,DIP,0.523144821,1,1,0.843373494
BP,A,F,2008,210,NH4,2.478781256,1,1,0.843373494
BP,A,F,2008,210,NP_rat,4.741152915,1,1,0.843373494
BP,A,F,2008,210,CP_rat,68.25639162,1,1,0.843373494
BP,A,F,2008,210,CN_rat,14.39658093,1,1,0.843373494
BP,A,F,2008,210,DIC,47.69059625,2,1,0.843373494
BP,A,F,2008,210,DIN,2.449729604,2,1,0.843373494
BP,A,F,2008,210,DIP,0.600482164,2,1,0.843373494
BP,A,F,2008,210,NH4,2.440390573,2,1,0.843373494
BP,A,F,2008,210,NP_rat,4.079604279,2,1,0.843373494
BP,A,F,2008,210,CP_rat,79.42050428,2,1,0.843373494
BP,A,F,2008,210,CN_rat,19.46769805,2,1,0.843373494
BP,A,F,2008,210,DIC,34.65403727,3,1,0.843373494
BP,A,F,2008,210,DIN,2.784112817,3,1,0.843373494
BP,A,F,2008,210,DIP,0.3734016,3,1,0.843373494
BP,A,F,2008,210,NH4,2.786839877,3,1,0.843373494
BP,A,F,2008,210,NP_rat,7.456081645,3,1,0.843373494
BP,A,F,2008,210,CP_rat,92.80634377,3,1,0.843373494
BP,A,F,2008,210,CN_rat,12.44706646,3,1,0.843373494
BP,A,F,2008,210,DIC,31.99625412,4,1,0.843373494
BP,A,F,2008,210,DIN,4.348412097,4,1,0.843373494
BP,A,F,2008,210,DIP,0.264172348,4,1,0.843373494
BP,A,F,2008,210,NH4,4.37185154,4,1,0.843373494
BP,A,F,2008,210,NP_rat,16.46051194,4,1,0.843373494
BP,A,F,2008,210,CP_rat,121.1188616,4,1,0.843373494
BP,A,F,2008,210,CN_rat,7.358146699,4,1,0.843373494
BP,ET,U,2009,50,DIC,8.360038603,1,1,0.200803213
BP,ET,U,2009,50,DIN,0.498964886,1,1,0.200803213
BP,ET,U,2009,50,DIP,0.012964554,1,1,0.200803213
BP,ET,U,2009,50,NH4,0.383195216,1,1,0.200803213
BP,ET,U,2009,50,NP_rat,38.4868518,1,1,0.200803213
BP,ET,U,2009,50,CP_rat,644.8380949,1,1,0.200803213
BP,ET,U,2009,50,CN_rat,16.75476338,1,1,0.200803213
BP,ET,U,2009,50,DIC,11.84701024,3,1,0.200803213
BP,ET,U,2009,50,DIN,0.875436793,3,1,0.200803213
BP,ET,U,2009,50,DIP,0.040522116,3,1,0.200803213
BP,ET,U,2009,50,NH4,0.909608258,3,1,0.200803213
BP,ET,U,2009,50,NP_rat,21.60392572,3,1,0.200803213
BP,ET,U,2009,50,CP_rat,292.3591186,3,1,0.200803213
BP,ET,U,2009,50,CN_rat,13.53268487,3,1,0.200803213
BP,ET,V,2009,65,DIC,59.96504467,1,1,0.261044177
BP,ET,V,2009,65,DIP,-0.092164548,1,1,0.261044177
BP,ET,V,2009,65,NH4,0.233728056,1,1,0.261044177
BP,ET,V,2009,65,CP_rat,-650.6302691,1,1,0.261044177
BP,ET,V,2009,65,DIC,12.20000366,2,1,0.261044177
BP,ET,V,2009,65,DIP,-0.06436942,2,1,0.261044177
BP,ET,V,2009,65,CP_rat,-189.5310479,2,1,0.261044177
BP,ET,V,2009,65,DIC,17.56105075,3,1,0.261044177
BP,ET,V,2009,65,DIP,-0.059577798,3,1,0.261044177
BP,ET,V,2009,65,NH4,0.286213632,3,1,0.261044177
BP,ET,V,2009,65,CP_rat,-294.7583041,3,1,0.261044177
BP,ET,V,2009,65,DIC,15.24002623,4,1,0.261044177
BP,ET,V,2009,65,DIN,-0.105002867,4,1,0.261044177
BP,ET,V,2009,65,DIP,-0.659144841,4,1,0.261044177
BP,ET,V,2009,65,NP_rat,0.15930166,4,1,0.261044177
BP,ET,V,2009,65,CP_rat,-23.12090647,4,1,0.261044177
BP,ET,V,2009,65,CN_rat,-145.1391435,4,1,0.261044177
BP,A,Y,2009,120,DIC,18.16455466,1,1,0.481927711
BP,A,Y,2009,120,DIN,1.928476342,1,1,0.481927711
BP,A,Y,2009,120,DIP,0.331113373,1,1,0.481927711
BP,A,Y,2009,120,NH4,1.928476342,1,1,0.481927711
BP,A,Y,2009,120,NP_rat,5.824217623,1,1,0.481927711
BP,A,Y,2009,120,CP_rat,54.8590185,1,1,0.481927711
BP,A,Y,2009,120,CN_rat,9.41912237,1,1,0.481927711
BP,A,Y,2009,120,DIC,10.54609302,3,1,0.481927711
BP,A,Y,2009,120,DIN,0.426296052,3,1,0.481927711
BP,A,Y,2009,120,NH4,0.386515126,3,1,0.481927711
BP,A,Y,2009,120,CN_rat,24.73889442,3,1,0.481927711
BP,A,Y,2009,120,DIC,11.15730481,4,1,0.481927711
BP,A,Y,2009,120,DIN,0.707679262,4,1,0.481927711
BP,A,Y,2009,120,NH4,0.707679262,4,1,0.481927711
BP,A,Y,2009,120,CN_rat,15.76604744,4,1,0.481927711
BP,A,Y,2009,120,DIN,0.596129394,2,1,0.481927711
BP,A,Y,2009,120,NH4,0.596129394,2,1,0.481927711
BP,ET,A,2010,60,DIC,20.4759241,4,1,0.240963855
BP,ET,A,2010,60,DIP,-0.071696368,4,1,0.240963855
BP,ET,A,2010,60,CP_rat,-285.592209,4,1,0.240963855
BP,ET,A,2010,60,DIC,9.160148502,A,2,0.240963855
BP,ET,A,2010,60,DIP,-0.129851085,A,2,0.240963855
BP,ET,A,2010,60,NH4,0.005422056,A,2,0.240963855
BP,ET,A,2010,60,CP_rat,-70.54348818,A,2,0.240963855
BP,ET,A,2010,60,DIC,11.68552649,8,3,0.240963855
BP,ET,A,2010,60,DIN,0.378723756,8,3,0.240963855
BP,ET,A,2010,60,DIP,0.037378058,8,3,0.240963855
BP,ET,A,2010,60,NH4,0.003761141,8,3,0.240963855
BP,ET,A,2010,60,NOx,0.376340536,8,3,0.240963855
BP,ET,A,2010,60,NP_rat,10.13224795,8,3,0.240963855
BP,ET,A,2010,60,CP_rat,312.6306439,8,3,0.240963855
BP,ET,A,2010,60,CN_rat,30.85501317,8,3,0.240963855
BP,ET,B,2010,75,DIC,3.442367337,A,1,0.301204819
BP,ET,B,2010,75,DIN,0.003676652,A,1,0.301204819
BP,ET,B,2010,75,DIP,0.088768511,A,1,0.301204819
BP,ET,B,2010,75,NH4,0.005959212,A,1,0.301204819
BP,ET,B,2010,75,NOx,-0.001922712,A,1,0.301204819
BP,ET,B,2010,75,NP_rat,0.041418425,A,1,0.301204819
BP,ET,B,2010,75,CP_rat,38.77914946,A,1,0.301204819
BP,ET,B,2010,75,CN_rat,936.2777519,A,1,0.301204819
BP,ET,B,2010,75,DIC,6.670155204,B,1,0.301204819
BP,ET,B,2010,75,DIP,0.08429721,B,1,0.301204819
BP,ET,B,2010,75,CP_rat,79.12664296,B,1,0.301204819
BP,A,D,2010,130,DIC,33.16478122,1,1,0.522088353
BP,A,D,2010,130,DIN,0.954328725,1,1,0.522088353
BP,A,D,2010,130,DIP,0.440962097,1,1,0.522088353
BP,A,D,2010,130,NH4,1.160566998,1,1,0.522088353
BP,A,D,2010,130,NOx,0,1,1,0.522088353
BP,A,D,2010,130,NP_rat,2.164196725,1,1,0.522088353
BP,A,D,2010,130,CP_rat,75.21004976,1,1,0.522088353
BP,A,D,2010,130,CN_rat,34.75194695,1,1,0.522088353
BP,A,D,2010,130,DIC,15.84729101,2,1,0.522088353
BP,A,D,2010,130,DIP,0.14987292,2,1,0.522088353
BP,A,D,2010,130,NOx,0,2,1,0.522088353
BP,A,D,2010,130,CP_rat,105.7381878,2,1,0.522088353
BP,A,D,2010,130,DIC,67.77962307,3,1,0.522088353
BP,A,D,2010,130,DIN,1.047271574,3,1,0.522088353
BP,A,D,2010,130,DIP,0.522516389,3,1,0.522088353
BP,A,D,2010,130,NH4,1.049167971,3,1,0.522088353
BP,A,D,2010,130,NP_rat,2.004284643,3,1,0.522088353
BP,A,D,2010,130,CP_rat,129.7176979,3,1,0.522088353
BP,A,D,2010,130,CN_rat,64.72019747,3,1,0.522088353
BP,A,D,2010,130,DIC,22.23171432,4,1,0.522088353
BP,A,D,2010,130,DIN,1.248810263,4,1,0.522088353
BP,A,D,2010,130,DIP,0.285147735,4,1,0.522088353
BP,A,D,2010,130,NH4,1.5854771,4,1,0.522088353
BP,A,D,2010,130,NOx,0,4,1,0.522088353
BP,A,D,2010,130,NP_rat,4.379520192,4,1,0.522088353
BP,A,D,2010,130,CP_rat,77.96560027,4,1,0.522088353
BP,A,D,2010,130,CN_rat,17.80231552,4,1,0.522088353
BP,A,E,2010,170,DIC,21.68701265,1,1,0.682730924
BP,A,E,2010,170,DIP,0.638602246,1,1,0.682730924
BP,A,E,2010,170,NH4,1.28960473,1,1,0.682730924
BP,A,E,2010,170,CP_rat,33.96012586,1,1,0.682730924
BP,A,E,2010,170,DIC,19.06070513,2,1,0.682730924
BP,A,E,2010,170,DIP,0.225389259,2,1,0.682730924
BP,A,E,2010,170,CP_rat,84.56793904,2,1,0.682730924
BP,A,E,2010,170,DIC,54.05804064,3,1,0.682730924
BP,A,E,2010,170,DIP,0.409013705,3,1,0.682730924
BP,A,E,2010,170,CP_rat,132.1668198,3,1,0.682730924
BP,A,E,2010,170,DIC,25.73613714,4,1,0.682730924
BP,A,E,2010,170,DIP,0.763657666,4,1,0.682730924
BP,A,E,2010,170,NH4,0.926711171,4,1,0.682730924
BP,A,E,2010,170,CP_rat,33.70114422,4,1,0.682730924
BP,A,F,2010,210,DIC,36.03839823,4,1,0.843373494
BP,A,F,2010,210,DIP,0.997329968,4,1,0.843373494
BP,A,F,2010,210,NH4,2.471600533,4,1,0.843373494
BP,A,F,2010,210,CP_rat,36.13487952,4,1,0.843373494
BP,A,F,2010,210,DIP,1.370475226,3,1,0.843373494
BP,A,F,2010,210,NH4,3.907220011,3,1,0.843373494
BP,ET,H,2010,44,DIC,5.451499363,1,1,0.176706827
BP,ET,H,2010,44,DIC,9.487399164,2,1,0.176706827
BP,ET,H,2010,44,DIC,7.058307128,3,1,0.176706827
BP,ET,H,2010,44,DIC,8.344808206,4,1,0.176706827
BP,ET,H,2010,44,DIP,-0.101490691,4,1,0.176706827
BP,ET,H,2010,44,NH4,0.011047551,4,1,0.176706827
BP,ET,H,2010,44,NOx,-1.246917291,4,1,0.176706827
BP,ET,H,2010,44,CP_rat,-82.22240033,4,1,0.176706827
BP,ET,H,2010,44,DIC,8.078136193,B,1,0.176706827
BP,ET,H,2010,44,DIP,-0.032667952,B,1,0.176706827
BP,ET,H,2010,44,CP_rat,-247.2801505,B,1,0.176706827
BP,ET,H,2010,44,DIC,9.00581183,1,2,0.176706827
BP,ET,H,2010,44,DIP,0.014577348,1,2,0.176706827
BP,ET,H,2010,44,CP_rat,617.7949323,1,2,0.176706827
BP,ET,H,2010,44,DIC,11.34737003,2,2,0.176706827
BP,ET,H,2010,44,DIC,10.72389355,3,2,0.176706827
BP,ET,H,2010,44,DIP,0.031081111,3,2,0.176706827
BP,ET,H,2010,44,CP_rat,345.0292902,3,2,0.176706827
BP,ET,H,2010,44,DIC,10.76608662,4,2,0.176706827
BP,ET,H,2010,44,DIP,0.024239434,4,2,0.176706827
BP,ET,H,2010,44,CP_rat,444.1558632,4,2,0.176706827
BP,ET,H,2010,44,DIC,5.191133082,B,2,0.176706827
BP,ET,H,2010,44,NH4,0.003558211,B,2,0.176706827
BP,ET,J,2010,30,DIN,0.016119643,B,1,0.120481928
BP,ET,J,2010,30,DIP,-0.019568517,A,1,0.120481928
GOF,A,KAS,2003,50,DIN,0.729200323,1,1,0.406504065
GOF,A,KAS,2003,50,DIP,0.516718998,1,1,0.406504065
GOF,A,KAS,2003,50,NH4,0.585224014,1,1,0.406504065
GOF,A,KAS,2003,50,NP_rat,1.411212527,1,1,0.406504065
GOF,A,KAS,2003,50,DIN,0.590524957,3,1,0.406504065
GOF,A,KAS,2003,50,NH4,0.950735622,3,1,0.406504065
GOF,A,KAS,2003,50,DIP,-0.0055728,2,1,0.406504065
GOF,A,KAS,2003,50,NH4,0.340742225,2,1,0.406504065
GOF,A,KAS,2003,50,DIP,0.363797721,5,1,0.406504065
GOF,A,KAS,2003,50,DIN,1.285235392,2,2,0.406504065
GOF,A,KAS,2003,50,NOx,1.460395829,2,2,0.406504065
GOF,A,KAS,2003,50,DIP,-0.137306869,5,2,0.406504065
GOF,A,KAS,2003,50,NH4,0.52159231,5,2,0.406504065
GOF,A,KAS,2003,50,NH4,0.470370935,4,2,0.406504065
GOF,A,PV1,2003,75,DIP,0.817836141,1,1,0.609756098
GOF,A,PV1,2003,75,NH4,3.623570556,1,1,0.609756098
GOF,A,PV1,2003,75,DIP,2.318400468,2,1,0.609756098
GOF,A,PV1,2003,75,NH4,3.635780009,2,1,0.609756098
GOF,A,PV1,2003,75,DIP,3.384602802,3,1,0.609756098
GOF,A,PV1,2003,75,NH4,1.303040667,3,1,0.609756098
GOF,A,PV1,2003,75,NH4,6.421304354,4,1,0.609756098
GOF,A,PV1,2003,75,DIN,0.413605,2,2,0.609756098
GOF,A,PV1,2003,75,DIP,0.978185912,2,2,0.609756098
GOF,A,PV1,2003,75,NH4,0.797403495,2,2,0.609756098
GOF,A,PV1,2003,75,NOx,-0.383798494,2,2,0.609756098
GOF,A,PV1,2003,75,NP_rat,0.422828621,2,2,0.609756098
GOF,A,PV1,2003,75,DIN,1.144187652,4,2,0.609756098
GOF,A,PV1,2003,75,NH4,1.535541566,4,2,0.609756098
GOF,A,PV1,2003,75,NOx,-0.391353914,4,2,0.609756098
GOF,A,PV1,2003,75,DIN,1.140195711,5,2,0.609756098
GOF,A,PV1,2003,75,NH4,1.229363481,5,2,0.609756098
GOF,A,PV1,2003,75,DIP,0.862652115,3,2,0.609756098
GOF,A,PV1,2003,75,NH4,0.893798222,3,2,0.609756098
GOF,A,PV1,2003,75,NOx,-0.007988063,3,2,0.609756098
GOF,A,PV1,2003,75,NOx,-0.343409856,1,2,0.609756098
GOF,ET,XV1,2003,37,DIP,0.115170777,5,1,0.300813008
GOF,A,KAS,2004,50,DIC,7.43911001,2,1,0.406504065
GOF,A,KAS,2004,50,DIN,0.078859629,2,1,0.406504065
GOF,A,KAS,2004,50,NH4,-0.05192405,2,1,0.406504065
GOF,A,KAS,2004,50,NOx,0.098796707,2,1,0.406504065
GOF,A,KAS,2004,50,CN_rat,94.33356615,2,1,0.406504065
GOF,A,KAS,2004,50,DIC,10.98221131,3,1,0.406504065
GOF,A,KAS,2004,50,NOx,-0.421332369,3,1,0.406504065
GOF,A,KAS,2004,50,DIC,9.705892822,4,1,0.406504065
GOF,A,KAS,2004,50,DIP,-0.02573696,4,1,0.406504065
GOF,A,KAS,2004,50,CP_rat,-377.1188518,4,1,0.406504065
GOF,A,KAS,2004,50,DIP,0.016638255,5,1,0.406504065
GOF,A,KAS,2004,50,NOx,0.076824797,1,1,0.406504065
GOF,A,KAS,2004,50,DIC,14.16973019,1,2,0.406504065
GOF,A,KAS,2004,50,DIN,0.496399848,1,2,0.406504065
GOF,A,KAS,2004,50,DIP,-0.049993902,1,2,0.406504065
GOF,A,KAS,2004,50,NH4,0.382275122,1,2,0.406504065
GOF,A,KAS,2004,50,NOx,0.171242589,1,2,0.406504065
GOF,A,KAS,2004,50,NP_rat,-9.929207859,1,2,0.406504065
GOF,A,KAS,2004,50,CP_rat,-283.4291691,1,2,0.406504065
GOF,A,KAS,2004,50,CN_rat,28.54499303,1,2,0.406504065
GOF,A,KAS,2004,50,DIC,19.81392839,2,2,0.406504065
GOF,A,KAS,2004,50,DIN,0.671665478,2,2,0.406504065
GOF,A,KAS,2004,50,NH4,0.42730972,2,2,0.406504065
GOF,A,KAS,2004,50,NOx,0.160928699,2,2,0.406504065
GOF,A,KAS,2004,50,CN_rat,29.49969744,2,2,0.406504065
GOF,A,KAS,2004,50,DIC,11.89251557,3,2,0.406504065
GOF,A,KAS,2004,50,DIN,0.52476638,3,2,0.406504065
GOF,A,KAS,2004,50,NH4,0.300267607,3,2,0.406504065
GOF,A,KAS,2004,50,NOx,0.224498772,3,2,0.406504065
GOF,A,KAS,2004,50,CN_rat,22.66249521,3,2,0.406504065
GOF,A,KAS,2004,50,DIC,15.57528312,4,2,0.406504065
GOF,A,KAS,2004,50,DIN,0.51614646,4,2,0.406504065
GOF,A,KAS,2004,50,DIP,0.065075807,4,2,0.406504065
GOF,A,KAS,2004,50,NH4,0.316219669,4,2,0.406504065
GOF,A,KAS,2004,50,NOx,0.199926791,4,2,0.406504065
GOF,A,KAS,2004,50,NP_rat,7.931464603,4,2,0.406504065
GOF,A,KAS,2004,50,CP_rat,239.3406063,4,2,0.406504065
GOF,A,KAS,2004,50,CN_rat,30.17609209,4,2,0.406504065
GOF,A,KAS,2004,50,DIN,-0.284277511,5,2,0.406504065
GOF,A,KAS,2004,50,NH4,0.073778624,5,2,0.406504065
GOF,A,KAS,2004,50,NOx,-0.463378909,5,2,0.406504065
GOF,A,PV1,2004,75,DIC,51.67629577,2,1,0.609756098
GOF,A,PV1,2004,75,DIN,1.778814844,2,1,0.609756098
GOF,A,PV1,2004,75,DIP,-0.157322212,2,1,0.609756098
GOF,A,PV1,2004,75,NH4,2.174465592,2,1,0.609756098
GOF,A,PV1,2004,75,NOx,-0.395650749,2,1,0.609756098
GOF,A,PV1,2004,75,NP_rat,-11.30682575,2,1,0.609756098
GOF,A,PV1,2004,75,CP_rat,-328.4742501,2,1,0.609756098
GOF,A,PV1,2004,75,CN_rat,29.0509695,2,1,0.609756098
GOF,A,PV1,2004,75,DIC,18.96147204,4,1,0.609756098
GOF,A,PV1,2004,75,DIN,1.337594328,4,1,0.609756098
GOF,A,PV1,2004,75,NH4,1.878348298,4,1,0.609756098
GOF,A,PV1,2004,75,NOx,-0.54075397,4,1,0.609756098
GOF,A,PV1,2004,75,CN_rat,14.17580176,4,1,0.609756098
GOF,A,PV1,2004,75,DIN,1.120012803,3,1,0.609756098
GOF,A,PV1,2004,75,NH4,1.796939119,3,1,0.609756098
GOF,A,PV1,2004,75,NOx,-0.676926317,3,1,0.609756098
GOF,A,PV1,2004,75,DIP,0.171915616,5,1,0.609756098
GOF,A,PV1,2004,75,NH4,3.457642609,5,1,0.609756098
GOF,A,PV1,2004,75,DIC,8.982572757,1,2,0.609756098
GOF,A,PV1,2004,75,DIN,0.482776839,1,2,0.609756098
GOF,A,PV1,2004,75,DIP,-0.134131347,1,2,0.609756098
GOF,A,PV1,2004,75,NH4,0.616985681,1,2,0.609756098
GOF,A,PV1,2004,75,NOx,-0.157416451,1,2,0.609756098
GOF,A,PV1,2004,75,NP_rat,-3.59928422,1,2,0.609756098
GOF,A,PV1,2004,75,CP_rat,-66.96848264,1,2,0.609756098
GOF,A,PV1,2004,75,CN_rat,18.60605569,1,2,0.609756098
GOF,A,PV1,2004,75,DIC,20.69426804,2,2,0.609756098
GOF,A,PV1,2004,75,DIN,0.601294543,2,2,0.609756098
GOF,A,PV1,2004,75,NH4,1.335344761,2,2,0.609756098
GOF,A,PV1,2004,75,NOx,-0.253814912,2,2,0.609756098
GOF,A,PV1,2004,75,CN_rat,34.41619134,2,2,0.609756098
GOF,A,PV1,2004,75,DIN,0.804055163,3,2,0.609756098
GOF,A,PV1,2004,75,NH4,1.0740027,3,2,0.609756098
GOF,A,PV1,2004,75,NOx,-0.270174347,3,2,0.609756098
GOF,A,PV1,2004,75,DIN,0.576092035,4,2,0.609756098
GOF,A,PV1,2004,75,DIP,0.113114882,4,2,0.609756098
GOF,A,PV1,2004,75,NH4,0.943227699,4,2,0.609756098
GOF,A,PV1,2004,75,NOx,-0.367135664,4,2,0.609756098
GOF,A,PV1,2004,75,NP_rat,5.092981797,4,2,0.609756098
GOF,A,PV1,2004,75,DIP,0.126183621,5,2,0.609756098
GOF,A,PV1,2004,75,NH4,0.268634934,5,2,0.609756098
GOF,A,KAS,2005,50,DIC,15.68228232,1,1,0.406504065
GOF,A,KAS,2005,50,DIP,-0.113558909,1,1,0.406504065
GOF,A,KAS,2005,50,NH4,0.183226449,1,1,0.406504065
GOF,A,KAS,2005,50,NOx,-0.165972868,1,1,0.406504065
GOF,A,KAS,2005,50,CP_rat,-138.0982129,1,1,0.406504065
GOF,A,KAS,2005,50,DIC,17.31113211,2,1,0.406504065
GOF,A,KAS,2005,50,DIN,-0.180439556,2,1,0.406504065
GOF,A,KAS,2005,50,DIP,0.055503448,2,1,0.406504065
GOF,A,KAS,2005,50,NH4,0.130094434,2,1,0.406504065
GOF,A,KAS,2005,50,NOx,-0.238529872,2,1,0.406504065
GOF,A,KAS,2005,50,NP_rat,-3.250961183,2,1,0.406504065
GOF,A,KAS,2005,50,CP_rat,311.8929114,2,1,0.406504065
GOF,A,KAS,2005,50,CN_rat,-95.93867593,2,1,0.406504065
GOF,A,KAS,2005,50,DIC,22.76512127,3,1,0.406504065
GOF,A,KAS,2005,50,NOx,-0.767801899,3,1,0.406504065
GOF,A,KAS,2005,50,DIC,9.338550918,1,2,0.406504065
GOF,A,KAS,2005,50,DIP,0.008981262,1,2,0.406504065
GOF,A,KAS,2005,50,NOx,-0.102941652,1,2,0.406504065
GOF,A,KAS,2005,50,CP_rat,1039.781562,1,2,0.406504065
GOF,A,KAS,2005,50,DIC,10.18327804,2,2,0.406504065
GOF,A,KAS,2005,50,DIN,-0.081011832,2,2,0.406504065
GOF,A,KAS,2005,50,DIP,0.005481484,2,2,0.406504065
GOF,A,KAS,2005,50,NOx,-0.082999427,2,2,0.406504065
GOF,A,KAS,2005,50,NP_rat,-14.77917765,2,2,0.406504065
GOF,A,KAS,2005,50,CP_rat,1857.759196,2,2,0.406504065
GOF,A,KAS,2005,50,CN_rat,-125.7011209,2,2,0.406504065
GOF,A,KAS,2005,50,DIC,9.376381199,3,2,0.406504065
GOF,A,KAS,2005,50,DIC,12.71507349,4,2,0.406504065
GOF,A,KAS,2005,50,DIP,-0.054525741,4,2,0.406504065
GOF,A,KAS,2005,50,NH4,0.021623445,4,2,0.406504065
GOF,A,KAS,2005,50,CP_rat,-233.193959,4,2,0.406504065
GOF,A,KAS,2005,50,NH4,0.093654782,5,2,0.406504065
GOF,A,PV1,2005,75,DIC,39.62400859,1,1,0.609756098
GOF,A,PV1,2005,75,DIN,2.841178214,1,1,0.609756098
GOF,A,PV1,2005,75,DIP,1.212532706,1,1,0.609756098
GOF,A,PV1,2005,75,NH4,9.370543665,1,1,0.609756098
GOF,A,PV1,2005,75,NOx,-1.106583527,1,1,0.609756098
GOF,A,PV1,2005,75,NP_rat,2.34317656,1,1,0.609756098
GOF,A,PV1,2005,75,CP_rat,32.67871324,1,1,0.609756098
GOF,A,PV1,2005,75,CN_rat,13.94632987,1,1,0.609756098
GOF,A,PV1,2005,75,DIC,33.31405804,2,1,0.609756098
GOF,A,PV1,2005,75,DIN,3.990816223,2,1,0.609756098
GOF,A,PV1,2005,75,DIP,1.413009355,2,1,0.609756098
GOF,A,PV1,2005,75,NH4,4.809938613,2,1,0.609756098
GOF,A,PV1,2005,75,NOx,-0.634937143,2,1,0.609756098
GOF,A,PV1,2005,75,NP_rat,2.824338147,2,1,0.609756098
GOF,A,PV1,2005,75,CP_rat,23.57667196,2,1,0.609756098
GOF,A,PV1,2005,75,CN_rat,8.347680319,2,1,0.609756098
GOF,A,PV1,2005,75,DIC,45.37527719,3,1,0.609756098
GOF,A,PV1,2005,75,DIP,1.760743842,3,1,0.609756098
GOF,A,PV1,2005,75,NH4,5.652677866,3,1,0.609756098
GOF,A,PV1,2005,75,CP_rat,25.77051591,3,1,0.609756098
GOF,A,PV1,2005,75,DIC,60.9692434,4,1,0.609756098
GOF,A,PV1,2005,75,DIN,4.976866621,4,1,0.609756098
GOF,A,PV1,2005,75,DIP,1.64368646,4,1,0.609756098
GOF,A,PV1,2005,75,NH4,6.281222881,4,1,0.609756098
GOF,A,PV1,2005,75,NOx,-2.398998,4,1,0.609756098
GOF,A,PV1,2005,75,NP_rat,3.027868601,4,1,0.609756098
GOF,A,PV1,2005,75,CP_rat,37.09298878,4,1,0.609756098
GOF,A,PV1,2005,75,CN_rat,12.2505279,4,1,0.609756098
GOF,A,PV1,2005,75,DIC,14.34720352,5,1,0.609756098
GOF,A,PV1,2005,75,DIP,0.389802564,5,1,0.609756098
GOF,A,PV1,2005,75,NH4,2.51614589,5,1,0.609756098
GOF,A,PV1,2005,75,CP_rat,36.80633443,5,1,0.609756098
GOF,A,PV1,2005,75,DIC,45.98162164,1,2,0.609756098
GOF,A,PV1,2005,75,DIN,5.524989227,1,2,0.609756098
GOF,A,PV1,2005,75,DIP,2.406009758,1,2,0.609756098
GOF,A,PV1,2005,75,NH4,6.48058787,1,2,0.609756098
GOF,A,PV1,2005,75,NOx,-1.62680935,1,2,0.609756098
GOF,A,PV1,2005,75,NP_rat,2.296328686,1,2,0.609756098
GOF,A,PV1,2005,75,CP_rat,19.11115343,1,2,0.609756098
GOF,A,PV1,2005,75,CN_rat,8.322481682,1,2,0.609756098
GOF,A,PV1,2005,75,DIC,78.13486597,2,2,0.609756098
GOF,A,PV1,2005,75,DIN,3.728496953,2,2,0.609756098
GOF,A,PV1,2005,75,DIP,1.021356693,2,2,0.609756098
GOF,A,PV1,2005,75,NH4,6.432338627,2,2,0.609756098
GOF,A,PV1,2005,75,NOx,-1.045095414,2,2,0.609756098
GOF,A,PV1,2005,75,NP_rat,3.650533627,2,2,0.609756098
GOF,A,PV1,2005,75,CP_rat,76.50105638,2,2,0.609756098
GOF,A,PV1,2005,75,CN_rat,20.95612976,2,2,0.609756098
GOF,A,PV1,2005,75,DIC,46.34374107,3,2,0.609756098
GOF,A,PV1,2005,75,DIN,4.162429106,3,2,0.609756098
GOF,A,PV1,2005,75,DIP,1.283195123,3,2,0.609756098
GOF,A,PV1,2005,75,NH4,5.322331401,3,2,0.609756098
GOF,A,PV1,2005,75,NOx,-1.159902295,3,2,0.609756098
GOF,A,PV1,2005,75,NP_rat,3.243800595,3,2,0.609756098
GOF,A,PV1,2005,75,CP_rat,36.11589556,3,2,0.609756098
GOF,A,PV1,2005,75,CN_rat,11.13382112,3,2,0.609756098
GOF,A,PV1,2005,75,DIC,36.12188895,4,2,0.609756098
GOF,A,PV1,2005,75,DIN,3.736889981,4,2,0.609756098
GOF,A,PV1,2005,75,DIP,0.964566773,4,2,0.609756098
GOF,A,PV1,2005,75,NH4,4.586466076,4,2,0.609756098
GOF,A,PV1,2005,75,NOx,-1.156603337,4,2,0.609756098
GOF,A,PV1,2005,75,NP_rat,3.874164117,4,2,0.609756098
GOF,A,PV1,2005,75,CP_rat,37.44882153,4,2,0.609756098
GOF,A,PV1,2005,75,CN_rat,9.666297142,4,2,0.609756098
GOF,A,PV1,2005,75,DIP,0.927850745,5,2,0.609756098
GOF,A,PV1,2005,75,NH4,6.194931845,5,2,0.609756098
GOF,ET,XV1,2005,37,DIC,3.194002839,2,1,0.300813008
GOF,ET,XV1,2005,37,DIN,-0.428299656,2,1,0.300813008
GOF,ET,XV1,2005,37,NOx,-0.60912206,2,1,0.300813008
GOF,ET,XV1,2005,37,CN_rat,-7.457402297,2,1,0.300813008
GOF,ET,XV1,2005,37,DIN,-2.910496049,1,1,0.300813008
GOF,ET,XV1,2005,37,DIP,-0.065321024,1,1,0.300813008
GOF,ET,XV1,2005,37,NH4,-0.177477152,1,1,0.300813008
GOF,ET,XV1,2005,37,NOx,-2.322472027,1,1,0.300813008
GOF,ET,XV1,2005,37,NP_rat,44.5568035,1,1,0.300813008
GOF,ET,XV1,2005,37,DIN,-1.04314113,3,1,0.300813008
GOF,ET,XV1,2005,37,DIP,-0.124391064,3,1,0.300813008
GOF,ET,XV1,2005,37,NP_rat,8.385981263,3,1,0.300813008
GOF,ET,XV1,2005,37,DIN,-1.159401488,4,1,0.300813008
GOF,ET,XV1,2005,37,NOx,-1.128368768,4,1,0.300813008
GOF,ET,XV1,2005,37,DIC,8.460639564,3,2,0.300813008
GOF,ET,XV1,2005,37,DIN,1.539261861,3,2,0.300813008
GOF,ET,XV1,2005,37,CN_rat,5.496556356,3,2,0.300813008
GOF,ET,XV1,2005,37,DIN,-0.504474278,1,2,0.300813008
GOF,ET,XV1,2005,37,DIP,-0.044452491,1,2,0.300813008
GOF,ET,XV1,2005,37,NP_rat,11.34861663,1,2,0.300813008
GOF,ET,XV1,2005,37,DIP,-0.054286391,2,2,0.300813008
GOF,A,GF1,2002,78,DIC,18.4742836,1,1,0.634146341
GOF,A,GF1,2002,78,DIN,2.342117322,1,1,0.634146341
GOF,A,GF1,2002,78,CN_rat,7.887855757,1,1,0.634146341
GOF,A,GF1,2002,78,DIC,13.10996074,3,1,0.634146341
GOF,A,GF1,2002,78,DIN,2.46526929,3,1,0.634146341
GOF,A,GF1,2002,78,DIP,0.612484192,3,1,0.634146341
GOF,A,GF1,2002,78,NH4,1.903737062,3,1,0.634146341
GOF,A,GF1,2002,78,NP_rat,4.025033337,3,1,0.634146341
GOF,A,GF1,2002,78,CP_rat,21.40456998,3,1,0.634146341
GOF,A,GF1,2002,78,CN_rat,5.31786154,3,1,0.634146341
GOF,A,GF1,2002,78,DIC,8.142322279,4,1,0.634146341
GOF,A,GF1,2002,78,DIN,1.273132526,4,1,0.634146341
GOF,A,GF1,2002,78,NH4,1.391686703,4,1,0.634146341
GOF,A,GF1,2002,78,CN_rat,6.395502522,4,1,0.634146341
GOF,A,GF1,2002,78,DIP,2.18305242,5,1,0.634146341
GOF,A,GF2,2002,85,DIC,26.44252607,1,2,0.691056911
GOF,A,GF2,2002,85,DIN,4.838408586,1,2,0.691056911
GOF,A,GF2,2002,85,DIP,1.068450264,1,2,0.691056911
GOF,A,GF2,2002,85,NP_rat,4.52843595,1,2,0.691056911
GOF,A,GF2,2002,85,CP_rat,24.74848569,1,2,0.691056911
GOF,A,GF2,2002,85,CN_rat,5.465128791,1,2,0.691056911
GOF,A,GF2,2002,85,DIC,38.89461083,3,2,0.691056911
GOF,A,GF2,2002,85,DIN,3.952697661,3,2,0.691056911
GOF,A,GF2,2002,85,DIP,1.359592797,3,2,0.691056911
GOF,A,GF2,2002,85,NH4,4.175030548,3,2,0.691056911
GOF,A,GF2,2002,85,NP_rat,2.907265816,3,2,0.691056911
GOF,A,GF2,2002,85,CP_rat,28.60754406,3,2,0.691056911
GOF,A,GF2,2002,85,CN_rat,9.840016657,3,2,0.691056911
GOF,A,GF2,2002,85,DIC,23.83658019,4,2,0.691056911
GOF,A,GF2,2002,85,NH4,0.56619355,4,2,0.691056911
GOF,A,GF2,2002,85,DIP,1.627161039,5,2,0.691056911
GOF,A,GF2,2002,85,NH4,4.593969243,5,2,0.691056911
GOF,ET,GF5,2002,51,DIC,7.686618511,1,1,0.414634146
GOF,ET,GF5,2002,51,DIC,2.704917707,3,1,0.414634146
GOF,ET,GF5,2002,51,DIN,0.871137016,3,1,0.414634146
GOF,ET,GF5,2002,51,NH4,0.691923216,3,1,0.414634146
GOF,ET,GF5,2002,51,CN_rat,3.105042786,3,1,0.414634146
GOF,ET,GF5,2002,51,DIP,-0.780196001,4,1,0.414634146
GOF,ET,GF6,2002,48,DIC,18.96809154,1,1,0.390243902
GOF,ET,GF6,2002,48,DIN,-0.549482474,1,1,0.390243902
GOF,ET,GF6,2002,48,NH4,-0.480700017,1,1,0.390243902
GOF,ET,GF6,2002,48,CN_rat,-34.5199209,1,1,0.390243902
GOF,ET,GF6,2002,48,DIN,-2.25898308,3,1,0.390243902
GOF,ET,GF6,2002,48,DIP,0.147484409,3,1,0.390243902
GOF,ET,GF6,2002,48,NH4,-1.396159207,3,1,0.390243902
GOF,ET,GF6,2002,48,NP_rat,-15.31675858,3,1,0.390243902
GOF,ET,GF6,2002,48,DIC,6.668662458,2,2,0.390243902
GOF,ET,GF6,2002,48,DIC,2.784530277,3,2,0.390243902
GOF,ET,GF6,2002,48,DIP,0.053104004,3,2,0.390243902
GOF,ET,GF6,2002,48,CP_rat,52.43541129,3,2,0.390243902
GOF,ET,GF6,2002,48,DIN,-0.895008291,4,2,0.390243902
GOF,ET,GF6,2002,48,NH4,-1.086715807,4,2,0.390243902
GOF,ET,GF6,2002,48,DIP,-0.092583444,1,2,0.390243902
